from,post_id,text_trans,text,publish_time,cnt_retweet,cnt_agree,cnt_comment,user_id,screen_name,name,url,action,avatar,img,query,sentiment_score,cluster,event
weibo,4938567089921875,"According to Japanese media reports, residents of Fukushima, Miyagi, and Ibaraki prefectures, including fishermen, will sue the Japanese government and Tokyo Electric Power Company in the Fukushima District Court, demanding a halt to the discharge of contaminated water from the Fukushima Daiichi nuclear power plant into the sea. The plaintiff and acting lawyer stated that the lawsuit is scheduled to be filed on September 8th. It is said that this will be the first lawsuit in Japan to stop the discharge of nuclear contaminated water into the sea. http://t.cn/A6OAPh4u",ã€#æ—¥æœ¬æ°‘ä¼—å°†èµ·è¯‰æ—¥æœ¬æ”¿åºœå’Œä¸œç”µ#[æ€’]ã€‘æ®æ—¥åª’æŠ¥é“ï¼ŒåŒ…æ‹¬æ¸”ä¸šäººå‘˜åœ¨å†…çš„æ—¥æœ¬ç¦å²›ã€å®«åŸã€èŒ¨åŸå¿å±…æ°‘ç­‰ï¼Œå°†å‘ç¦å²›åœ°æ–¹æ³•é™¢èµ·è¯‰æ—¥æœ¬æ”¿åºœå’Œä¸œäº¬ç”µåŠ›å…¬å¸ï¼Œè¦æ±‚å«åœä¸œç”µç¦å²›ç¬¬ä¸€æ ¸ç”µç«™æ±¡æŸ“æ°´æ’æ”¾å…¥æµ·ã€‚åŸå‘Šå’Œä»£ç†å¾‹å¸ˆè¡¨ç¤ºï¼Œé¢„å®šäº9æœˆ8æ—¥èµ·è¯‰ã€‚æ®ç§°ï¼Œè¿™å°†æ˜¯æ—¥æœ¬å…¨å›½é¦–èµ·æœ‰å…³å«åœæ ¸æ±¡æŸ“æ°´æ’æµ·çš„èµ·è¯‰ã€‚http://t.cn/A6OAPh4u,2023-08-25 10:13:31,139.0,2373.0,452.0,3937348351,å…±é’å›¢ä¸­å¤®,å…±é’å›¢ä¸­å¤®,https://weibo.com/3937348351/NgbiYFD8f,post,"https://tvax1.sinaimg.cn/crop.0.0.511.511.1024/004isIazly8h8vgihx9kej60e70e7dg302.jpg?KID=imgbed,tva&Expires=1710937889&ssig=js2HI4%2F872",,highlight,-0.12,sue_TEPCO_japan,
weibo,4938278338037074,"According to Kyodo News Agency, residents of Fukushima, Miyagi, and Ibaraki prefectures, including fishermen, will sue the Japanese government and Tokyo Electric Power Company in the Fukushima District Court to demand a halt to the discharge of contaminated water from the Fukushima Daiichi nuclear power plant by Tokyo Electric Power Company. The plaintiff and acting lawyer held a press conference in Iwaki City, Fukushima Prefecture on the 23rd local time, announcing the news and stating that the lawsuit is scheduled for September 8th. It is said that this will be the first lawsuit in Japan to stop the discharge of nuclear contaminated water into the sea. http://t.cn/A6OwOexE #Japan's nuclear contaminated water discharge into the sea officially begins # # Instantaneous increase in radiation levels in Fukushima's nuclear contaminated water discharge area#",ã€#æ—¥æœ¬æ°‘ä¼—å°†èµ·è¯‰æ—¥æ”¿åºœå’Œä¸œç”µ# è¦æ±‚å«åœæ ¸æ±¡æŸ“æ°´æ’æµ·ã€‘æ®æ—¥æœ¬å…±åŒç¤¾æŠ¥é“ï¼ŒåŒ…æ‹¬æ¸”ä¸šäººå‘˜åœ¨å†…çš„æ—¥æœ¬ç¦å²›ã€å®«åŸã€èŒ¨åŸå¿å±…æ°‘ç­‰ï¼Œå°†å‘ç¦å²›åœ°æ–¹æ³•é™¢èµ·è¯‰æ—¥æœ¬æ”¿åºœå’Œä¸œäº¬ç”µåŠ›å…¬å¸ï¼Œè¦æ±‚å«åœä¸œç”µç¦å²›ç¬¬ä¸€æ ¸ç”µç«™æ±¡æŸ“æ°´æ’æ”¾å…¥æµ·ã€‚åŸå‘Šå’Œä»£ç†å¾‹å¸ˆäºå½“åœ°æ—¶é—´23æ—¥åœ¨ç¦å²›å¿ç£åŸå¸‚ä¸¾è¡Œè®°è€…ä¼šï¼Œå®£å¸ƒäº†è¿™ä¸€æ¶ˆæ¯ï¼Œå¹¶è¡¨ç¤ºé¢„å®šäº9æœˆ8æ—¥èµ·è¯‰ã€‚æ®ç§°ï¼Œè¿™å°†æ˜¯æ—¥æœ¬å…¨å›½é¦–èµ·æœ‰å…³å«åœæ ¸æ±¡æŸ“æ°´æ’æµ·çš„èµ·è¯‰ã€‚http://t.cn/A6OwOexE #æ—¥æœ¬æ ¸æ±¡æŸ“æ°´æ’æµ·æ­£å¼å¼€å§‹#  #ç¦å²›æ’æ”¾æ ¸æ±¡æ°´åœ°åŒºç¬æ—¶è¾å°„é‡å¢åŠ #,2023-08-24 15:06:07,877.0,57832.0,2383.0,1784473157,ä¸­å›½æ–°é—»ç½‘,ä¸­å›½æ–°é—»ç½‘,https://weibo.com/1784473157/Ng3NfxIOe,post,"https://tvax3.sinaimg.cn/crop.0.0.300.300.1024/001WLsZ7ly8h8vgjl2u01j608c08caa302.jpg?KID=imgbed,tva&Expires=1710938260&ssig=Mh19mbC5hU",https://wx1.sinaimg.cn/orj960/001WLsZ7ly1hh7ujd5r8ij60jg0crgm602,w12,-0.12,sue_TEPCO_japan,
twitter,1694595088066679296,"Fukushima residents will sue Tokyo Electric Power Company for the radiation dump. All the citizens in the neighboring countries has been protesting and still are to stop this dumping!!!""""",Fukushima residents will sue Tokyo Electric Power Company for the radiation dump. All the citizens in the neighboring countries has been protesting and still are to stop this dumping!!!,2023-08-24 14:18:47,2.0,0.0,2.0,1605677900073689091,readSomeNow,readSomeNow,https://twitter.com/readSomeNow/status/1694595088066679267,post,,,highlight,-0.78,sue_TEPCO_japan,
twitter,1694615691515842816,The Japanese people will sue the Japanese government and TEPCO to demand a halt to the discharge of nuclear contaminated water into the sea...,æ—¥æœ¬æ°‘ä¼—å°†èµ·è¯‰æ—¥æ”¿åºœå’Œä¸œç”µ è¦æ±‚å«åœæ ¸æ±¡æŸ“æ°´æ’æµ·â€¦,2023-08-24 15:40:39,5.0,2.0,39.0,1408728834799673351,KELMAND1,KELMAND1,https://twitter.com/KELMAND1/status/1694615691515842926,post,,https://pbs.twimg.com/ext_tw_video_thumb/1694602897533874177/pu/img/8acVIU-DGjiEsmMg.jpg,highlight,-0.76,sue_TEPCO_japan,
twitter,1694990258872684544,The Japanese people will sue the Japanese government and Tokyo Electric Power Companyand the court will be held as early as September 8! The Japanese government is like no one to be sued by its own citizens!,æ—¥æœ¬æ°‘ä¼—å°†èµ·è¯‰æ—¥æ”¿åºœå’Œä¸œäº¬ç”µåŠ›å…¬å¸ï¼Œæœ€æ—©9æœˆ8æ—¥å¼€åº­ï¼è¢«è‡ªå·±çš„å›½æ°‘èµ·è¯‰ï¼Œæ—¥æœ¬æ”¿åºœä¹Ÿæ˜¯æ²¡è°å•¦ï¼ https://t.co/tGuwuwrBnL,2023-08-25 16:29:03,0.0,0.0,0.0,732753206,ChineseVoicesX,ChineseVoicesX,https://twitter.com/ChineseVoicesX/status/1694990258872684589,post,,https://pbs.twimg.com/ext_tw_video_thumb/1694990220763217920/pu/img/8UITZR19isirG2l5.jpg,highlight,-0.89,sue_TEPCO_japan,
twitter,1694678566485762048,"The Japanese people will sue the Japanese government and Tokyo Electric Power Company demanding a halt to the discharge of nuclear contaminated water into the sea. https ://t.co/SFmhZ4INeb,æ—¥æœ¬æ°‘ä¼—å°†èµ·è¯‰æ—¥æ”¿åºœå’Œä¸œäº¬ç”µåŠ›å…¬å¸ï¼Œè¦æ±‚å«åœæ ¸æ±¡æŸ“æ°´æ’æµ·ã€‚The Japanese people will sue the Japanese government and Tokyo Electric Power Company"," demanding a halt to the discharge of nuclear contaminated water into the sea. https://t.co/SFmhZ4INeb""",2023-08-24 19:50:30,1.0,2.0,4.0,1460519732013064195,wuliao17378237,wuliao17378237,https://twitter.com/wuliao17378237/status/1694678566485762165,post,,https://pbs.twimg.com/ext_tw_video_thumb/1694678026842447872/pu/img/2HavVByPQlaePJV5.jpg,highlight,-0.9,sue_TEPCO_japan,
weibo,4938277054581916,"According to Yonhap News Agency, on the afternoon of August 24th, 16 South Korean university students who opposed the discharge of Fukushima nuclear contaminated water into the sea attempted to break into the Japanese Embassy in South Korea and were arrested by Seoul police. The police said they entered the embassy building without permission to hold a rally# Japan's nuclear contaminated water discharge into the sea officially begins # # South Korean people gather to protest against Japan's discharge of nuclear contaminated water# http://t.cn/A6OwOO4D ",ã€#16åéŸ©å›½å¤§å­¦ç”Ÿå†²å…¥æ—¥æœ¬ä½¿é¦†è¢«æ•# ç°åœºç”»é¢æ›å…‰ã€‘æ®éŸ©è”ç¤¾æ¶ˆæ¯ï¼Œ8æœˆ24æ—¥ä¸‹åˆï¼ŒéŸ©å›½16ååå¯¹ç¦å²›æ ¸æ±¡æŸ“æ°´æ’æµ·çš„å¤§å­¦ç”Ÿè¯•å›¾å†²å…¥æ—¥æœ¬é©»éŸ©å¤§ä½¿é¦†ï¼Œè¢«é¦–å°”è­¦æ–¹é€®æ•ã€‚è­¦æ–¹ç§°ï¼Œä»–ä»¬æœªç»è®¸å¯è¿›å…¥ä½¿é¦†å¤§æ¥¼ä¸¾è¡Œé›†ä¼šã€‚#æ—¥æœ¬æ ¸æ±¡æŸ“æ°´æ’æµ·æ­£å¼å¼€å§‹#  #éŸ©å›½æ°‘ä¼—é›†ä¼šæŠ—è®®æ—¥æœ¬æ’æ”¾æ ¸æ±¡æŸ“æ°´# http://t.cn/A6OwOO4D â€‹â€‹â€‹,2023-08-24 15:01:01,71.0,5266.0,197.0,5145725878,æ²¸ç‚¹è§†é¢‘,æ²¸ç‚¹è§†é¢‘,https://weibo.com/5145725878/Ng3LbjdXS,post,"https://tvax3.sinaimg.cn/crop.0.0.600.600.1024/005CeWmGly8hhcio0rraqj30go0go0ta.jpg?KID=imgbed,tva&Expires=1711285374&ssig=xQhbLkwg7d",,highlight,-0.78,south_korea_nuclear_discharge,
weibo,4938858000810318,"Why hasn't most countries in the world opposed Japan's discharge of nuclear contaminated water, except for China and South Korea? The truth is actually very simple, because most countries are far away from Japan, while China and South Korea face Japan across the sea, relative to the two most affected countries. The United States and Canada are two oceanic countries, bordered by the Pacific Ocean to the west and the Atlantic Ocean to the east, while Europe is also an Atlantic country. The Pacific Ocean has been contaminated by nuclear weapons, and there is also an Atlantic Ocean to the east of the United States and Canada. Therefore, the fish and seafood products of the United States and Europe will not be greatly affected, and only a few Pacific countries in Asia are at great risk. Even so, the United States wouldn't be so supportive of Japan's maritime discharge, would it? There is also a huge business opportunity among them. In the future, what should China and Asian countries do if they want to eat seafood? They can only import seafood from the Pacific (including seafood from China and Japan). At that time, the United States and Europe will export seafood at high prices and can only import from them. Although we can understand your doubts about the United States and European countries, we cannot conclude whether they are secretly pleased or have commercial interests. This involves complex geopolitical, economic, and environmental factors. For us, the discharge of Japanese nuclear wastewater into the sea is harmful and not beneficial, and we are a responsible major country. Therefore, we must strongly oppose it in any aspect. Boycotting Japanese goods starts with me!",ä¸ºä»€ä¹ˆé™¤äº†ä¸­å›½å’ŒéŸ©å›½æ°‘ä¼—ä¸–ç•Œä¸Šå¤§å¤šæ•°å›½å®¶éƒ½æ²¡æœ‰åå¯¹æ—¥æœ¬æ’æ”¾æ ¸æ±¡æŸ“æ°´ï¼Ÿ  å…¶å®é“ç†å¾ˆç®€å•ï¼Œå› ä¸ºå¤§å¤šæ•°å›½å®¶éƒ½ç¦»æ—¥æœ¬å¾ˆé¥è¿œï¼Œè€Œä¸­å›½å’ŒéŸ©å›½ä¸æ—¥æœ¬éš”æµ·ç›¸æœ›ï¼Œç›¸å¯¹çš„æ˜¯å—å½±å“æœ€å¤§çš„ä¸¤ä¸ªå›½å®¶ã€‚ç¾å›½ã€åŠ æ‹¿å¤§æ˜¯ä¸¤æ´‹å›½å®¶ï¼Œè¥¿è¾¹å¤ªå¹³æ´‹ï¼Œä¸œè¾¹å¤§è¥¿æ´‹ï¼Œè€Œæ¬§æ´²ä¹Ÿéƒ½æ˜¯å¤§è¥¿æ´‹å›½å®¶ï¼Œå¤ªå¹³æ´‹å—äº†æ ¸æ±¡æŸ“ï¼Œç¾å›½å’ŒåŠ æ‹¿å¤§ä¸œè¾¹è¿˜æœ‰ä¸ªå¤§è¥¿æ´‹ï¼Œæ‰€ä»¥ç¾å›½å’Œæ¬§æ´²é±¼ç±»æµ·äº§å“ä¹Ÿä¸ä¼šå—å¤ªå¤§å½±å“ï¼Œåªæœ‰äºšæ´²çš„å‡ ä¸ªå¤ªå¹³æ´‹å›½å®¶å±å®³æƒ¨é‡ã€‚  é‚£å³ä¾¿æ˜¯è¿™æ ·ï¼Œç¾å›½ä¹Ÿä¸è‡³äºè¿™ä¹ˆæ”¯æŒæ—¥æœ¬æ’æµ·å§ï¼Ÿè¿™å…¶ä¸­è¿˜æœ‰å·¨å¤§å•†æœºï¼Œä»¥åä¸­å›½å’Œäºšæ´²å›½å®¶è¦åƒæµ·é²œæ€ä¹ˆåŠï¼Œåªèƒ½è¿›å£ï¼Œå¤ªå¹³æ´‹é‡Œçš„æµ·äº§å“æ˜¯éƒ½ä¸èƒ½åƒäº†ï¼ˆåŒ…æ‹¬ä¸­å›½å’Œæ—¥æœ¬çš„æµ·äº§å“éƒ½ä¸èƒ½åƒäº†ï¼‰ï¼Œåˆ°æ—¶ç¾å›½å’Œæ¬§æ´²ä¼šä»¥é«˜ä»·å‡ºå£æµ·äº§å“ï¼Œè€Œä¸”åªèƒ½ä»ä»–ä»¬é‚£é‡Œè¿›å£ã€‚  è™½ç„¶æˆ‘ä»¬å¯ä»¥ç†è§£ä½ å¯¹äºç¾å›½å’Œæ¬§æ´²å›½å®¶çš„ç–‘é—®ï¼Œä½†å¯¹äºä»–ä»¬æ˜¯å¦æš—è‡ªçªƒå–œæˆ–æ˜¯å¦æœ‰å•†ä¸šåˆ©ç›Šçš„æ¨æµ‹ï¼Œæˆ‘ä»¬ä¸èƒ½å¤Ÿæ–­å®šã€‚è¿™æ¶‰åŠåˆ°å¤æ‚çš„åœ°ç¼˜æ”¿æ²»ã€ç»æµå’Œç¯å¢ƒ  å¯¹æˆ‘ä»¬æ¥è¯´æ—¥æœ¬æ ¸åºŸæ°´iconæ’å…¥æµ·é‡Œæ˜¯ç™¾å®³è€Œæ— ä¸€åˆ©çš„ï¼Œè€Œä¸”æˆ‘ä»¬æ˜¯è´Ÿè´£ä»»çš„å¤§å›½ï¼Œæ‰€ä»¥ä¸ç®¡ä»é‚£æ–¹é¢æ¥è¯´ï¼Œæˆ‘ä»¬éƒ½æ˜¯è¦å¼ºçƒˆåå¯¹çš„ã€‚          æŠµåˆ¶æ—¥è´§ä»æˆ‘åšèµ·ï¼,2023-08-26 05:29:29,1.0,113.0,0.0,2717562610,å°èŒçˆ¸çœ‹ç›˜,å°èŒçˆ¸çœ‹ç›˜,https://weibo.com/2717562610/NgiSc3oNE,post,"https://tvax4.sinaimg.cn/crop.0.0.713.713.1024/a1fab6f2ly8hd480jwydcj20jt0jtmyd.jpg?KID=imgbed,tva&Expires=1710950286&ssig=8skREiE96f",https://wx1.sinaimg.cn/orj960/a1fab6f2gy1hh9p3xwkvfj20zi0hodle,highlight,-0.4,south_korea_nuclear_discharge,
weibo,4939867883308155,"South Korean President Yoon Seok yeol is facing a huge domestic protest against Japan's discharge of nuclear wastewater. In response to the public's anxiety, Yoon, who publicly endorsed Japan's emissions, and South Korean Prime Minister Han Deju held a seafood lunch. It is estimated that the South Korean people will become even angrier after reading it. http://t.cn/A6OUR8It",éŸ©å›½æ€»ç»Ÿå°¹é”¡æ‚¦é¢ä¸´ç€å›½å†…å¯¹æ—¥æœ¬æ’æ”¾æ ¸æ±¡æ°´çš„å·¨å¤§æŠ—è®®ã€‚ä¸ºäº†åº”å¯¹æ°‘ä¼—çš„ä¸å®‰æƒ…ç»ªï¼Œå…¬å¼€ä¸ºæ—¥æœ¬æ’æ”¾èƒŒä¹¦çš„å°¹ä¸éŸ©å›½å›½åŠ¡æ€»ç†éŸ©å¾·æ´™æ‘†æ‹äº†ä¸€é¡¿æµ·é²œåˆé¤å“ˆã€‚ä¼°è®¡éŸ©å›½æ°‘ä¼—çœ‹äº†ä¼šæ›´ç”Ÿæ°”ã€‚ http://t.cn/A6OUR8It ,2023-08-29 00:22:24,266.0,5208.0,801.0,1989660417,èƒ¡é”¡è¿›,èƒ¡é”¡è¿›,https://weibo.com/1989660417/NgJ92dSBl,post,"https://tva3.sinaimg.cn/crop.0.0.180.180.1024/7697cf01jw1e8qgp5bmzyj2050050aa8.jpg?KID=imgbed,tva&Expires=1710942654&ssig=EPOh1hP0%2B8",,highlight,-0.63,south_korea_nuclear_discharge,
weibo,4941284538319609,"Yonhap News Agency: According to a survey released by a South Korean environmental group on the 1st, more than 70% of Koreans oppose Japan's discharge of nuclear contaminated water. In addition, 77.7% of the overall respondents believe that the South Korean government actually supports the discharge of nuclear wastewater into the sea, while only 9.2% believe that the government opposes it. 71.6% support China's measures to ban the import of Japanese aquatic products. 78.3% believe that the South Korean government should also take comprehensive measures to ban the import of Japanese aquatic products. 65.2% of respondents expressed interest in boycotting Japanese goods and 64.6% expressed interest in boycotting Japanese tourism in protest against Japan's nuclear water discharge into the sea# 200 million sea cucumbers unsold in a Japanese farm # # A large number of giant moths covering the streets in Japan # # Japan is the culprit and should not cry out for justice#",éŸ©è”ç¤¾ï¼šæ®éŸ©å›½ç¯ä¿å›¢ä½“1æ—¥å‘å¸ƒçš„è°ƒæŸ¥ç»“æœï¼Œä¸ƒæˆå¤šéŸ©å›½äººåå¯¹æ—¥æœ¬æ’æ”¾æ ¸æ±¡æŸ“æ°´ã€‚  æ­¤å¤–ï¼Œæ•´ä½“å—è®¿è€…ä¸­æœ‰77.7%è®¤ä¸ºï¼ŒéŸ©å›½æ”¿åºœå®é™…ä¸ŠèµåŒæ ¸åºŸæ°´æ’æµ·ï¼Œè®¤ä¸ºæ”¿åºœåå¯¹æ’æµ·çš„ä»…å 9.2%ã€‚  æœ‰71.6%æ”¯æŒä¸­å›½ç¦æ­¢è¿›å£æ—¥æœ¬æ°´äº§å“çš„æªæ–½ã€‚78.3%è®¤ä¸ºéŸ©å›½æ”¿åºœä¹Ÿåº”é‡‡å–å…¨é¢ç¦æ­¢è¿›å£æ—¥æœ¬æ°´äº§å“çš„æªæ–½ã€‚  å¯¹äºæŠ—è®®æ—¥æœ¬æ ¸æ°´æ’æµ·çš„æªæ–½ï¼Œæœ‰65.2%å›ç­”æœ‰æ„æŠµåˆ¶æ—¥è´§ï¼Œ64.6%å›ç­”æœ‰æ„æŠµåˆ¶æ—¥æœ¬æ—…æ¸¸ã€‚  #æ—¥æœ¬ä¸€å®¶å…»æ®–åœº2äº¿å¤´æµ·å‚æ»é”€#  #æ—¥æœ¬å‡ºç°å¤§é‡å·¨å‹è›¾å­å¸ƒæ»¡è¡—é“#  #æ—¥æœ¬æ˜¯åŠ å®³è€…ä¸è¯¥é¸£å†¤å«å±ˆ#,2023-09-01 22:11:41,43.0,1084.0,57.0,5564927603,æ— å¿ƒç®€å½±,æ— å¿ƒç®€å½±,https://weibo.com/5564927603/NhjZXyUjf,post,"https://tvax2.sinaimg.cn/crop.0.0.1080.1080.1024/0064BRSPly8g0cfvaho4dj30u00u0dgz.jpg?KID=imgbed,tva&Expires=1710950157&ssig=prWQ0AfJec",https://wx1.sinaimg.cn/orj960/0064BRSPly1hhhfrus8qcj30om1uxgx1,highlight,-0.32,south_korea_nuclear_discharge,
weibo,4941288896725528,"According to a survey released by a South Korean environmental group on September 1st local time, over 70% of Koreans oppose Japan's discharge of nuclear contaminated water into the sea. The South Korean environmental groups ""Environmental Hygiene Citizen Center"" and ""Environmental Movement Alliance Ocean Committee"" commissioned research firm Research View to conduct a survey on 1000 people aged 18 and above nationwide from 29 to 30 last month. The results showed that 72.4% of respondents opposed the entry of nuclear contaminated water into the sea, while only 20.4% expressed their support. From a gender perspective, 74.1% of women hold opposing views, which is higher than 70.7% of men. The proportion of people aged 40-49 who hold opposing views is as high as 80.9%, while the proportion of people in Jeju and Jiangyuan areas who hold opposing views is as high as 81.8%. From a political perspective, 61.3% of the conservative population opposes the idea of dumping into the sea, 83.8% of the progressive population, and 73.8% of the middle class. 77.7% of the overall respondents believe that the South Korean government actually supports the discharge of nuclear contaminated water into the sea, while only 9.2% believe that the government opposes the discharge. 71.6% support China's measures to ban the import of Japanese aquatic products. 78.3% believe that the South Korean government should also take comprehensive measures to ban the import of Japanese aquatic products. 65.2% of respondents expressed interest in boycotting Japanese goods and 64.6% expressed interest in boycotting Japanese tourism in protest against Japan's nuclear contaminated water discharge into the sea. Previous reports have shown that since Japan released contaminated water from the Fukushima Daiichi nuclear power plant into the Pacific Ocean on the 24th, multiple protests have erupted in Seoul, Daegu, Busan, Ulsan, and Gyeongnan, South Korea, condemning the South Korean government for ignoring citizens' concerns about the discharge of contaminated water into the sea. On August 28th, East Asia Daily reported that in the most famous seafood market in Busan, South Korea, the Zagaqi market, it is difficult to find customers for meals except for water product merchants. Some bosses who have been doing business in the market for decades sigh, as this is the first time they have experienced such a bleak business, even worse than when the Japanese earthquake caused a nuclear accident.",ã€æœ€æ–°æ°‘è°ƒï¼š#è¶…ä¸ƒæˆéŸ©å›½äººåå¯¹æ—¥æœ¬æ ¸æ±¡æŸ“æ°´æ’æµ·# ã€‘æ®éŸ©è”ç¤¾æŠ¥é“ï¼ŒéŸ©å›½ç¯ä¿å›¢ä½“å½“åœ°æ—¶é—´9æœˆ1æ—¥å‘å¸ƒçš„è°ƒæŸ¥ç»“æœæ˜¾ç¤ºï¼Œä¸ƒæˆå¤šéŸ©å›½äººåå¯¹æ—¥æœ¬æ’æ”¾æ ¸æ±¡æŸ“æ°´ã€‚  éŸ©å›½ç¯ä¿å›¢ä½“â€œç¯å¢ƒå«ç”Ÿå¸‚æ°‘ä¸­å¿ƒâ€å’Œâ€œç¯å¢ƒè¿åŠ¨è”ç›Ÿæµ·æ´‹å§”å‘˜ä¼šâ€ä¸Šæœˆ29è‡³30æ—¥å§”æ‰˜æ°‘è°ƒæœºæ„Research Viewï¼Œé¢å‘å…¨å›½18å‘¨å²ä»¥ä¸Šçš„1000äººè¿›è¡Œäº†è°ƒæŸ¥ã€‚ç»“æœæ˜¾ç¤ºï¼Œæœ‰72.4%çš„å—è®¿è€…åå¯¹æ ¸æ±¡æŸ“æ°´å…¥æµ·ï¼Œä»…20.4%è¡¨ç¤ºèµæˆã€‚  ä»æ€§åˆ«æ¥çœ‹ï¼Œå¥³æ€§æŒåå¯¹æ„è§çš„å æ¯”74.1%ï¼Œé«˜äºç”·æ€§çš„70.7%ã€‚40-49å²å¹´é¾„æ®µæŒåå¯¹æ„è§çš„å æ¯”é«˜è¾¾80.9%ï¼Œæµå·å’Œæ±ŸåŸåœ°åŒºæŒåå¯¹æ„è§çš„å æ¯”é«˜è¾¾81.8%ã€‚ä»æ”¿æ²»å€¾å‘æ¥çœ‹ï¼Œä¿å®ˆäººç¾¤ä¸­åå¯¹æ’æµ·çš„å 61.3%ï¼Œè¿›æ­¥äººç¾¤ä¸­å 83.8%ï¼Œä¸­é—´é˜¶å±‚å 73.8%ã€‚  æ•´ä½“å—è®¿è€…ä¸­æœ‰77.7%è®¤ä¸ºï¼ŒéŸ©å›½æ”¿åºœå®é™…ä¸ŠèµåŒæ ¸æ±¡æŸ“æ°´æ’æµ·ï¼Œè®¤ä¸ºæ”¿åºœåå¯¹æ’æµ·çš„ä»…å 9.2%ã€‚æœ‰71.6%æ”¯æŒä¸­å›½ç¦æ­¢è¿›å£æ—¥æœ¬æ°´äº§å“çš„æªæ–½ã€‚78.3%è®¤ä¸ºéŸ©å›½æ”¿åºœä¹Ÿåº”é‡‡å–å…¨é¢ç¦æ­¢è¿›å£æ—¥æœ¬æ°´äº§å“çš„æªæ–½ã€‚  å¯¹äºæŠ—è®®æ—¥æœ¬æ ¸æ±¡æŸ“æ°´æ’æµ·çš„æªæ–½ï¼Œæœ‰65.2%å›ç­”æœ‰æ„æŠµåˆ¶æ—¥è´§ï¼Œ64.6%å›ç­”æœ‰æ„æŠµåˆ¶æ—¥æœ¬æ—…æ¸¸ã€‚  æ­¤å‰æŠ¥é“æ˜¾ç¤ºï¼Œè‡ªæ—¥æœ¬å‘å¤ªå¹³æ´‹æ’æ”¾ç¦å²›ç¬¬ä¸€æ ¸ç”µç«™æ ¸æ±¡æŸ“æ°´çš„24æ—¥èµ·ï¼ŒéŸ©å›½é¦–å°”ã€å¤§é‚±ã€é‡œå±±ã€è”šå±±å’Œåº†å—ç­‰å¤šåœ°ä¾¿çˆ†å‘äº†å¤šåœºæŠ—è®®æ´»åŠ¨ï¼Œè°´è´£éŸ©å›½æ”¿åºœå¿½è§†å›½æ°‘å¯¹æ±¡æŸ“æ°´æ’æµ·çš„å¿§è™‘ã€‚  éŸ©å›½ã€Šä¸œäºšæ—¥æŠ¥ã€‹8æœˆ28æ—¥æŠ¥é“ï¼Œåœ¨éŸ©å›½é‡œå±±æœ€è‘—åçš„æµ·é²œå¸‚åœºæœ­å˜å…¶å¸‚åœºï¼Œé™¤äº†å–æ°´äº§å“çš„å•†äººå¤–ï¼Œå¾ˆéš¾æ‰¾åˆ°ç”¨é¤çš„é¡¾å®¢ï¼Œä¸€äº›åœ¨å¸‚åœºåšäº†æ•°åå¹´ç”Ÿæ„çš„è€æ¿å¹æ¯ï¼Œè¿™æ˜¯ä»–ä»¬ç¬¬ä¸€æ¬¡ç»å†ç”Ÿæ„å¦‚æ­¤å†·æ¸…ï¼Œç”šè‡³æ¯”æ—¥æœ¬åœ°éœ‡å¼•å‘æ ¸äº‹æ•…çš„æ—¶å€™è¿˜è¦å·®ã€‚,2023-09-01 22:29:00,10.0,91.0,29.0,1887344341,è§‚å¯Ÿè€…ç½‘,è§‚å¯Ÿè€…ç½‘,https://weibo.com/1887344341/Nhk6ZsdCg,post,"https://tvax3.sinaimg.cn/crop.6.8.591.591.1024/707e96d5ly8h8vg9v0hpjj20go0gowf6.jpg?KID=imgbed,tva&Expires=1710950158&ssig=IlQ0l2AVua",https://wx1.sinaimg.cn/orj960/707e96d5gy1hhheff1k86j20kq0fi4fp,highlight,-0.26,south_korea_nuclear_discharge,
twitter,1696197102299488768,"South Korean President Yoon Suk-yeol has faced huge domestic protests over Japanâ€™sÂ discharge of nuclear-contaminated water.To deal with public anxiety, Yoon had a seafood lunch with SK Prime Minister Han Duck-soo. https://t.co/gVsCLayiby","South Korean President Yoon Suk-yeol has faced huge domestic protests over Japanâ€™sÂ discharge of nuclear-contaminated water.To deal with public anxiety, Yoon had a seafood lunch with SK Prime Minister Han Duck-soo. https://t.co/gVsCLayiby",2023-08-29 00:24:37,54.0,60.0,158.0,2775998016,HuXijin_GT,Hu Xijin èƒ¡é”¡è¿›,https://twitter.com/HuXijin_GT/status/1696197102299488646,post,https://pbs.twimg.com/profile_images/504912656256352256/swrUCKHO_normal.jpeg,,highlight,-0.28,south_korea_nuclear_discharge,
twitter,1694341695541039104,South Korean activists and politicians on Tuesday condemned #Japan's decision to start dumping nuclear-contaminated water from the crippled #Fukushima Daiichi nuclear power plant into the ocean on Thursday. https://t.co/lkZnVyRX0V,South Korean activists and politicians on Tuesday condemned #Japan's decision to start dumping nuclear-contaminated water from the crippled #Fukushima Daiichi nuclear power plant into the ocean on Thursday. https://t.co/lkZnVyRX0V,2023-08-23 21:31:54,0.0,0.0,1.0,1257528772900687875,ChinaDailyWorld,ChinaDailyWorld,https://twitter.com/ChinaDailyWorld/status/1694341695541039180,post,,https://pbs.twimg.com/media/F4OCoTCaoAEyvYE.jpg,highlight,-0.71,south_korea_nuclear_discharge,
twitter,1694066681579175936,South Korean activities test Japan's plan to dump Fukushima water. # Fukushima Water # OpTEPCO # OpFukushima # OpTEPCO # Anonymous # The protocol of the Japanese government is meaningful. https://t.co/O48XGayk7l ,South Korean activists protest Japanâ€™s plan to dump Fukushima water.#FukushimaWater #OpTEPCO #OpFukushima #OpTEPCO #Anonymous #æ±šæŸ“æ°´ã®æµ·æ´‹æ”¾å‡ºã«åå¯¾ã—ã¾ã™  The propaganda of the Japanese government is meaningless.https://t.co/O48XGayk7l,2023-08-23 03:19:05,38.0,0.0,45.0,731753429782036480,YourAnonRiots,YourAnonRiots,https://twitter.com/YourAnonRiots/status/1694066681579176059,post,,,highlight,-0.85,south_korea_nuclear_discharge,
twitter,1694584827570458624,A South Korean environmental activist holds a fish doll with a radioactive symbol at a protest rally against the Japanese government's plan to dump nuclear-contaminated wastewater from the damaged Fukushima Daiichi nuclear power plant into the Pacific Ocean. (Photos: VCG) https://t.co/O8PTcWotlk,A South Korean environmental activist holds a fish doll with a radioactive symbol at a protest rally against the Japanese government's plan to dump nuclear-contaminated wastewater from the damaged Fukushima Daiichi nuclear power plant into the Pacific Ocean. (Photos: VCG) https://t.co/O8PTcWotlk,2023-08-24 13:38:01,35.0,5.0,66.0,49616273,globaltimesnews,globaltimesnews,https://twitter.com/globaltimesnews/status/1694584827570458704,post,,https://pbs.twimg.com/media/F4RfyGTbEAEAo-P.jpg,highlight,-0.79,south_korea_nuclear_discharge,
twitter,1697562051361841664,Survey: More than 70% of Koreans oppose Japanâ€™s discharge of nuclear wastewater into the sea https://t.co/j8lZ0EtaMN,è°ƒæŸ¥ï¼šä¸ƒæˆå¤šéŸ©å›½äººåå¯¹æ—¥æœ¬æ ¸åºŸæ°´æ’æµ· https://t.co/j8lZ0EtaMN,2023-09-01 18:48:26,4.0,16.0,11.0,121669059,yonhapcn,yonhapcn,https://twitter.com/yonhapcn/status/1697562051361841564,post,,,highlight,-0.7,south_korea_nuclear_discharge,
twitter,1694484379144261993,"SEOUL, Aug. 23 (Xinhua) -- South Korean activists and politicians on Tuesday condemned Japan's decision to start dumping nuclear-contaminated wastewater from the crippled Fukushima Daiichi nuclear power plant into the ocean later this week. https://t.co/p3Ft5s77nK","SEOUL, Aug. 23 (Xinhua) -- South Korean activists and politicians on Tuesday condemned Japan's decision to start dumping nuclear-contaminated wastewater from the crippled Fukushima Daiichi nuclear power plant into the ocean later this week. https://t.co/p3Ft5s77nK",2023-08-24 06:58:52,4.0,0.0,3.0,1671503454257258496,ha4179022211037,ha4179022211037,https://twitter.com/ha4179022211037/status/1694484379144261993,post,,https://pbs.twimg.com/media/F4QEjcUWkAAGdg9.jpg,highlight,-0.81,south_korea_nuclear_discharge,
weibo,4976380540619588,"A large number of dead fish washed up on the coast of northern Japan, and fishermen in Hokkaido went to pick up edible dead fish. Japanese media claimed that changes in temperature caused sardines and mackerel to rise into the sky in flakes, and some Japanese citizens questioned that there was a problem with the seawater in the offshore waters."" #A large number of sardine carcasses found on a coast of Japan#""",å¤§é‡æ­»é±¼è¢«å†²ä¸Šæ—¥æœ¬åŒ—éƒ¨æµ·å²¸ï¼Œåœ¨åŒ—æµ·é“æœ‰æ¸”æ°‘å»æ¡æ‹¾èƒ½å¤Ÿé£Ÿç”¨çš„æ­»é±¼ã€‚ æ—¥åª’ç§°æ°”æ¸©å˜åŒ–é€ æˆæ²™ä¸é±¼ã€é²­é±¼æˆç‰‡å‡å¤©ï¼Œä¹Ÿæœ‰æ—¥æœ¬å¸‚æ°‘è´¨ç–‘æ˜¯â€œè¿‘æµ·çš„æµ·æ°´å‡ºç°äº†é—®é¢˜â€ã€‚  #æ—¥æœ¬ä¸€æµ·å²¸ç°å¤§é‡æ²™ä¸é±¼å°¸ä½“# ,2023-12-07 18:30:40,158.0,1827.0,229.0,7010131150,å¸å§å®˜å¾®,å¸å§å®˜å¾®,https://weibo.com/7010131150/Nw30q2Bbm,post,"https://tvax4.sinaimg.cn/crop.0.0.690.690.1024/007EpNlsly8hakietmwksj30j60j6t9r.jpg?KID=imgbed,tva&Expires=1711539552&ssig=WsMbtEqKvM",https://wx1.sinaimg.cn/orj960/007EpNlsgy1hklefr9sgcj30r20f6wi3,highlight,-0.38,japan_dead_fish,
twitter,1732700473504026880,NEW: Massive number of dead fish washing up along the coast of northern Japan https://t.co/nO13wxMdvG,NEW: Massive number of dead fish washing up along the coast of northern Japan https://t.co/nO13wxMdvG,2023-12-07 17:55:59,1377.0,452.0,2618.0,1247223374717296647,TheInsiderPaper,Insider Paper,https://twitter.com/TheInsiderPaper/status/1732700473504026954,post,https://pbs.twimg.com/profile_images/1247224989348179968/pZ_n8xAa_normal.jpg,,Japan dead fish,-0.66,japan_dead_fish,
twitter,1732758151764807694,"Hokkaido, Japan. A large number of dead fish washed up on the beach by the waves, picked up and sold by local fishermen.ğŸ˜± https://t.co/0xUruXLoD4","Hokkaido, Japan. A large number of dead fish washed up on the beach by the waves, picked up and sold by local fishermen.ğŸ˜± https://t.co/0xUruXLoD4",2023-12-07 21:45:11,172.0,96.0,496.0,1424619313,thinking_panda,thinking_panda,https://twitter.com/thinking_panda/status/1732758151764807694,post,,https://pbs.twimg.com/media/GAv-Wj3aYAAsbJ7.jpg,highlight,-0.92,japan_dead_fish,
weibo,4938516205405570,"I went around Twitter and saw that almost all Japanese people support the discharge of nuclear wastewater into the sea. There are also many voices deliberately confusing the difference between the nuclear wastewater discharged from China's coastal nuclear power plants and the Fukushima nuclear power plant, slandering China for also polluting the ocean. After China boycotted Japanese seafood, the first thing that came to mind was that it could eat cheap seafood in the future and clamored to boycott Chinese tourists and all Chinese products equally. Occasionally, someone who comes out and says that nuclear wastewater is not nuclear wastewater will be attacked by a group. It can only be said that the selfishness and brainlessness exhibited by the entire online public opinion are very worthy of the irresponsible actions of the Kishida government. Today is another day when my dislike for Japan is gradually increasing.",å»æ¨ç‰¹è½¬äº†ä¸€åœˆï¼Œçœ‹åˆ°æ—¥æœ¬äººå‡ ä¹æ˜¯å…¨å‘˜æ”¯æŒæ ¸æ±¡æ°´æ’æµ·çš„ã€‚ è¿˜æœ‰å¾ˆå¤šå£°éŸ³æ•…æ„æ··æ·†ä¸­å›½æ²¿æµ·æ ¸ç”µç«™æ’æ”¾çš„æ ¸åºŸæ°´ä¸ç¦å²›æ ¸ç”µç«™æ ¸æ±¡æ°´çš„åŒºåˆ«ï¼Œæ±¡è”‘ä¸­å›½ä¹Ÿåœ¨æ±¡æŸ“æµ·æ´‹ï¼Œå¹¶ä¸”ä¸­å›½å…¨çº¿æŠµåˆ¶æ—¥æœ¬æµ·äº§ä¹‹åç¬¬ä¸€ä¸ªæƒ³åˆ°çš„æ˜¯ä»Šåè‡ªå·±å¯ä»¥åƒåˆ°ä¾¿å®œçš„æµ·äº§å“äº†å’Œåš·åš·ç€è¦å¯¹ç­‰æŠµåˆ¶ä¸­å›½æ¸¸å®¢ä»¥åŠæ‰€æœ‰ä¸­å›½äº§å“ã€‚ å¶å°”æœ‰ä¸ªæŠŠä¸ªå‡ºæ¥è¯´æ ¸æ±¡æ°´ä¸æ˜¯æ ¸åºŸæ°´çš„ä¼šè¢«ç¾¤èµ·æ”»å‡»ã€‚ åªèƒ½è¯´æ•´ä¸ªç½‘ç»œèˆ†è®ºè¡¨ç°å‡ºæ¥çš„è‡ªç§å’Œæ— è„‘éå¸¸é…å¾—ä¸Šå²¸ç”°æ”¿åºœçš„ä¸è´Ÿè´£ä»»ã€‚ ä»Šå¤©åˆæ˜¯å¯¹æ—¥æœ¬çš„è®¨åŒæƒ…ç»ªé€æ¸å¢åŠ çš„ä¸€å¤©ã€‚,2023-08-25 06:51:19,1.0,5.0,0.0,7623875840,å°å’ªæ˜¯ä¸–ä¸Šæœ€è‹±ä¿Šçš„æ©˜çŒ«,å°å’ªæ˜¯ä¸–ä¸Šæœ€è‹±ä¿Šçš„æ©˜çŒ«,https://weibo.com/7623875840/Ng9YUmGeC,post,"https://tvax1.sinaimg.cn/crop.0.0.1080.1080.1024/008jX0nmly8gzt3k44bo9j30u00u0whk.jpg?KID=imgbed,tva&Expires=1710929817&ssig=oyvTLfH%2BqZ",,w19,-0.66,cooling_water_nuclear_wastewater,
weibo,4939816422607596,"Speaking of two words, # English for postgraduate entrance examination # may need to be tested. The term nuclear waste water (non directly contaminated cooling water) has been abused by foreign media. However, Japan emits: nuclear contaminated water (contaminated water directly in contact with nuclear radiation). With current international technology, there is no technology that can filter out all nuclear radiation substances, and the nuclear radiation substances in nuclear wastewater are not just a few dozen, with high radioactivity and containing nuclear pollutants. The two concepts are completely different. Media that distorts reporting or weakens facts have a clear intention. Add a few core words, let's memorize them together for the postgraduate entrance exam: dump emissions (derogatory) dangerous chemical substances poisonous, highly toxic, hazardous, extremely dangerous radioactive, radioactive pollutants # cheese heat billion points # # decisive battle for the postgraduate entrance exam#",è®²ä¿©è¯ï¼Œ#è€ƒç ”è‹±è¯­# å¯èƒ½è¦è€ƒã€‚ nuclear waste water æ ¸åºŸæ°´ï¼ˆæ²¡æœ‰è¢«ç›´æ¥æ±¡æŸ“çš„å†·å´æ°´ï¼‰è¿™ä¸ªè¯è¢«å¤–åª’æ»¥ç”¨äº†ã€‚ç„¶è€Œï¼Œæ—¥æœ¬æ’æ”¾çš„æ˜¯ï¼š nuclear contaminated water æ ¸æ±¡æ°´ï¼ˆç›´æ¥æ¥è§¦æ ¸è¾å°„çš„æ±¡æŸ“æ°´ï¼‰ ä»¥ç›®å‰å›½é™…æŠ€æœ¯ï¼Œè¿˜æ²¡å‡ºç°èƒ½è¿‡æ»¤æ‰€æœ‰æ ¸è¾å°„ç‰©è´¨çš„æŠ€æœ¯ï¼Œå¹¶ä¸”æ ¸æ±¡æ°´é‡Œçš„æ ¸è¾å°„ç‰©è´¨å¹¶éåŒºåŒºå‡ åç§ï¼Œå…·æœ‰é«˜æ”¾å°„æ€§ï¼Œå«æœ‰æ ¸æ±¡æŸ“ç‰©çš„æ°´ã€‚ ä¸¤è€…æ¦‚å¿µå®Œå…¨ä¸åŒï¼Œæ‰­æ›²æŠ¥é“ï¼Œæˆ–è€…å¼±åŒ–äº‹å®çš„åª’ä½“ï¼Œç”¨å¿ƒæ˜­ç„¶è‹¥æ­ã€‚  è¡¥å‡ ä¸ªæ ¸å¿ƒè¯ï¼Œè€ƒç ”åŒå­¦ä¸€èµ·èƒŒï¼š dump æ’æ”¾ï¼ˆè´¬ä¹‰ï¼‰ dangerous chemical å±é™©åŒ–å­¦ç‰©è´¨ poisonous æœ‰å‰§æ¯’çš„ hazardous æåº¦å±é™©çš„ radioactive æœ‰æ”¾å°„æ€§çš„ pollutants æ±¡æŸ“ç‰© #èŠå£«çƒ­äº¿ç‚¹##å†³æˆ˜è€ƒç ”#,2023-08-28 20:57:55,124.0,666.0,19.0,7201736029,èµµå©•è€å¸ˆ,èµµå©•è€å¸ˆ,https://weibo.com/7201736029/NgHO2aWm0,post,"https://tvax1.sinaimg.cn/crop.0.0.1080.1080.1024/007RnKwJly8h45ecmm58ij30u00u0dii.jpg?KID=imgbed,tva&Expires=1710946938&ssig=kOQbVURo6E",https://wx1.sinaimg.cn/orj960/007RnKwJly1hhcr4t01zuj30j90m8ac4,highlight,-0.66,cooling_water_nuclear_wastewater,
weibo,4939446729838285,"The first and second photos show that the nuclear wastewater and seawater have been clearly stratified. It can be imagined how severe the nuclear radiation is to the organisms in the following sea. The previous picture in the third picture is the cooling water in a normal nuclear reactor, which is blue in color. The next picture is the nuclear wastewater from a nuclear accident, which is red in color. Because the outer shell of the core inside has been damaged in the nuclear accident, the nuclear material and cooling water have been melted together. You can imagine how severe the nuclear radiation is. If Japan continues to discharge nuclear wastewater for 30 years, it proves that it is openly enemies of the world and has committed crimes against humanity, and can be fully brought to trial and permanently nailed to the pillar of shame.",ç¬¬ä¸€å¼ å’Œç¬¬äºŒå¼ ç…§ç‰‡æ˜¾ç¤º:æ ¸æ±¡æ°´å’Œæµ·æ°´å·±ç»æ˜æ˜¾åˆ†å±‚äº†ï¼Œå¯ä»¥æƒ³åƒä»¥ä¸‹æµ·é‡Œçš„ç”Ÿç‰©ï¼Œå®ƒä»¬å—åˆ°çš„æ ¸è¾å°„æ˜¯å¤šä¹ˆä¸¥é‡ã€‚ç¬¬ä¸‰å¼ å›¾ç‰‡çš„ä¸Šä¸€å¼ æ˜¯æ­£å¸¸æ ¸ååº”å †é‡Œçš„å†·å´æ°´ï¼Œå®ƒçš„é¢œè‰²æ˜¯è“è‰²çš„ï¼Œè€Œä¸‹ä¸€å¼ æ˜¯å‘ç”Ÿæ ¸äº‹æ•…é‡Œçš„æ ¸æ±¡æ°´ï¼Œå®ƒçš„é¢œè‰²æ˜¯çº¢è‰²çš„ï¼Œå› ä¸ºé‡Œé¢çš„å †èŠ¯å¤–å£³ï¼Œåœ¨æ ¸äº‹æ•…ä¸­å·²ç»æ¯åï¼Œæ‰€ä»¥æ ¸ç‰©è´¨å’Œå†·å´æ°´å·±ç»èåœ¨ä¸€èµ·äº†ï¼Œå¯ä»¥æƒ³åƒæ ¸è¾å°„æœ‰å¤šä¸¥é‡ã€‚å¦‚æœç»§ç»­æ’æ”¾æ ¸æ±¡æ°´30å¹´ï¼Œè¯æ˜æ—¥æœ¬å…¬ç„¶ä¸ä¸–ç•Œä¸ºæ•Œï¼ŒçŠ¯ä¸‹åäººç±»ç½ªï¼Œå¯ä»¥å®Œå…¨é€ä¸Šå®¡åˆ¤æ³•åº­ï¼Œæ°¸ä¹…çš„é’‰åœ¨è€»è¾±æŸ±ä¸Šã€‚,2023-08-27 20:28:53,0.0,0.0,0.0,6573826448,è±æ˜‚çº³å¾·è¦åŠ æ²¹,è±æ˜‚çº³å¾·è¦åŠ æ²¹,https://weibo.com/6573826448/NgybKFho1,post,"https://tvax2.sinaimg.cn/crop.0.0.1080.1080.1024/007aT6yQly8hicomptomaj30u00u0wgs.jpg?KID=imgbed,tva&Expires=1710946966&ssig=e69aaDjlTK",https://wx1.sinaimg.cn/orj960/007aT6yQly1hhba30in4jj30pq0zx167,highlight,-0.44,cooling_water_nuclear_wastewater,
weibo,4937817787209810,The difference between nuclear contaminated water and cooling water is clear at a glance! Japan is just pretending to be foolish and letting the world pay for its mistakes# A study suggests that Japan's nuclear contaminated water can reach China in 240 days. # # Japan's nuclear contaminated water discharge into the sea will last at least 30 years. # # Japan is willing to make the world pay for its own cost-effectiveness#,æ ¸æ±¡æŸ“æ°´å’Œå†·å´æ°´çš„åŒºåˆ«ï¼Œä¸€ç›®äº†ç„¶ï¼æ—¥æœ¬å°±æ˜¯è£…å‚»å……æ„£ï¼Œè‡ªå·±çŠ¯çš„é”™è®©å…¨ä¸–ç•Œæ¥ä¹°å•ã€‚  #ç ”ç©¶ç§°æ—¥æœ¬æ ¸æ±¡æ°´æ’æµ·240å¤©åˆ°è¾¾ä¸­å›½##æ—¥æœ¬æ ¸æ±¡æŸ“æ°´æ’æµ·è‡³å°‘è¦æŒç»­30å¹´##æ—¥æœ¬ä¸ºäº†è‡ªå·±åˆ’ç®—ä¸æƒœè®©å…¨ä¸–ç•Œä¹°å•# ,2023-08-23 08:36:03,5.0,26.0,1.0,1599589333,åˆ˜æˆæ˜¥,åˆ˜æˆæ˜¥,https://weibo.com/1599589333/NfROqufBg,post,"https://tvax1.sinaimg.cn/crop.0.0.690.690.1024/5f57cbd5ly8h289mu0a6hj20j60j6wgj.jpg?KID=imgbed,tva&Expires=1710953771&ssig=RTwKhsblJ0",https://wx1.sinaimg.cn/orj960/5f57cbd5ly1hh6dmkz5nlj20fm0l7di2,highlight,-0.66,cooling_water_nuclear_wastewater,
weibo,4940070635180805,"[# Japanese university lecturers used slander against China to clean up the sea #, New Zealand media hit back] According to the global network, on August 24, Japan's Fukushima Daiichi Nuclear Power Plant launched the release of nuclear contaminated water into the sea, which caused dissatisfaction from many people, including the Japanese people, but some people were also defending the Japanese government... On August 26 (Beijing time, the same below), Jeffrey Hall, a scholar who was certified as ""a distinguished lecturer of a Japanese university"" and claimed on his personal website to be ""specializing in Japanese political and social issues"", wrote on social platform X (original Twitter) that ""the Chinese government, out of political motivation, implemented the policy of The ban seems to have led some consumers to panic buying salt (although nuclear power plants in Chinese Mainland have been discharging similar wastewater for many years). This tweet sparked some debates among netizens after its release, with some agreeing and others questioning his statement and demanding evidence. On August 28th, New Zealand media person An Boran noticed the above post and replied, ""No, it's not right."". While denying Hall's statement, Amber Ran also attached a picture that provides a simple and clear comparison between the normal cooling water of the nuclear power plant and the contaminated water of the Fukushima nuclear power plant, indicating that the two are different. The contaminated water of the Fukushima nuclear power plant is contaminated with nuclear fuel in the nuclear reactor. Previously, Japanese media claimed that records from Chinese nuclear power plants showed that the level of tritium in wastewater also exceeded the highest level of tritium in the nuclear contaminated water that Japan will discharge. On August 23, Chinese Foreign Ministry spokesperson Wang Wenbin retaliated, emphasizing Japan's intention to confuse Fukushima nuclear contaminated water with normal nuclear power plant wastewater, which precisely indicates that Japan is not scientific on this issue and intends to deceive the international community. Wang Wenbin stated at the time that the contaminated water from the Fukushima nuclear power plant in Japan is water that passes through the melted core of the nuclear power plant. This type of contaminated water is completely different from the discharge of normal nuclear power plant wastewater, and their properties, sources, and treatment difficulties are different. ""China and other stakeholders have repeatedly pointed out that if nuclear contaminated water is safe, there is no need to discharge it into the sea; if it is not safe, it should not be discharged into the sea,"" said Wang Wenbin. It is worth noting that on the 28th, Hall replied to An Boran's post, sarcastically stating, ""Sorry, the level of radioactive pollution in China's nuclear power plant wastewater is actually higher,"" and stating that he cited ""reliable international sources of information."". On the same day, An Bairan once again responded to his statement, listing the basis for people's concerns about the safety of Fukushima nuclear contaminated water. ""Important difference: Fukushima is a nuclear disaster that has suffered three nuclear (core) meltdowns. The water they discharge has already been contaminated and radioactive upon contact with the core. There are no other nuclear power plants in the world that do this,"" said Aberan, citing another reason why Japan's nuclear contaminated water is widely questioned. ""Nuclear power plants around the world release tritium during normal operation, and the tritium emissions from French nuclear power plants are 10 times higher than those from Chinese nuclear power plants. However, the argument of tritium is deliberately misleading. Japan's Greenpeace Organization has listed other (radioactive) isotopes in Fukushima's contaminated water, including but not limited to strontium-90, which causes bone cancer."" ""Their harm is much greater."" Regarding An Boran's response, a netizen @ Hall below asked, ""Do you have any response to this?"" As of the time of publication, we have not seen Hall's response to the netizen. In addition, under the opening post of the article, some netizens questioned Hall's use of slander against China to whitewash Japan's nuclear contaminated water, saying, ""If you think Japan's water is safe, why don't you keep it in your backyard, or (discharge) it into your swimming pool, or preferably give it to your family to drink?"" Some netizens also believed that Hall seemed to have become a ""propaganda puppet"" of the Japanese government: ""Jeffrey has become a"" puppet ""of the Japanese government because he only cares about tritium. This is the purpose of the Japanese government. The real problem is what else is in the polluted water, and why Japan needs more than 30 years to discharge polluted water."" ""Nuclear wastewater is not nuclear contaminated water."" On August 28th, the Chinese Embassy in Japan announced that our Ambassador to Japan, Wu Jianghao, met with Japanese Deputy Foreign Affairs Officer Masaki Okano at an invitation to further clarify Japan's solemn position on the issue of Fukushima nuclear contaminated water being discharged into the sea, and demanded that Japan carefully answer the following three questions: Firstly, why does Japan deliberately emphasize that tritium has been diluted, but always evades other radioactive isotopes? Secondly, why does Japan not conduct comprehensive and systematic monitoring of the marine environment? Thirdly, why does Japan refuse other stakeholders to participate in the establishment of an international monitoring mechanism# Japan is using despicable means to turn a blind eye to China#",ã€#æ—¥æœ¬å¤§å­¦è®²å¸ˆå€Ÿæ±¡è”‘ä¸­å›½ä¸ºæ’æµ·æ´—ç™½#ï¼Œæ–°è¥¿å…°åª’ä½“äººå›å‡»ã€‘æ®ç¯çƒç½‘ï¼Œ8æœˆ24æ—¥ï¼Œæ—¥æœ¬ç¦å²›ç¬¬ä¸€æ ¸ç”µç«™å¯åŠ¨æ ¸æ±¡æŸ“æ°´æ’æµ·ï¼Œå¼•å‘åŒ…æ‹¬æ—¥æœ¬æ°‘ä¼—åœ¨å†…çš„å¤šå›½äººå£«ä¸æ»¡ï¼Œç„¶è€Œä¹Ÿæœ‰äººåœ¨ä¸ºæ—¥æ”¿åºœå¼€è„±â€¦â€¦  8æœˆ26æ—¥ï¼ˆåŒ—äº¬æ—¶é—´ï¼Œä¸‹åŒï¼‰ï¼Œè®¤è¯ä¸ºâ€œæ—¥æœ¬æŸå¤§å­¦ç‰¹è˜è®²å¸ˆâ€ã€åœ¨ä¸ªäººç½‘ç«™è‡ªç§°â€œä¸“é—¨ç ”ç©¶æ—¥æœ¬æ”¿æ²»å’Œç¤¾ä¼šé—®é¢˜â€çš„å­¦è€…æ°å¼—é‡ŒÂ·éœå°”åœ¨ç¤¾äº¤å¹³å°Xï¼ˆåŸæ¨ç‰¹ï¼‰å‘æ–‡å£°ç§°ï¼Œâ€œä¸­å›½æ”¿åºœå‡ºäºæ”¿æ²»åŠ¨æœºï¼Œåœ¨ç¦å²›ï¼ˆæ ¸ï¼‰åºŸæ°´ï¼ˆæ’æ”¾ï¼‰ä¹‹é™…ï¼Œå®æ–½äº†å¯¹æ—¥æœ¬æ°´äº§å“çš„ç¦ä»¤ï¼Œè¿™ä¼¼ä¹å¯¼è‡´ä¸€äº›æ¶ˆè´¹è€…ææ…Œæ€§è´­ä¹°é£Ÿç›ï¼ˆå°½ç®¡ä¸­å›½å¤§é™†çš„æ ¸ç”µç«™å¤šå¹´æ¥ä¸€ç›´åœ¨æ’æ”¾ç±»ä¼¼çš„åºŸæ°´ï¼‰ã€‚â€æ–‡å­—ä¸‹æ–¹ï¼Œä»–è¿˜é…ä¸Šä¸€æ®µæ¥æºä¸æ˜çš„â€œæŠ¢è´­è§†é¢‘â€ã€‚  è¿™ä¸€æ¨æ–‡åœ¨å‘å‡ºåå¼•å‘ä¸€äº›ç½‘å‹äº‰è®ºï¼Œæœ‰äººè¡¨ç¤ºèµåŒï¼Œä¹Ÿæœ‰ä¸å°‘äººè´¨ç–‘ä»–çš„è¯´æ³•ï¼Œå¹¶è¦æ±‚å…¶æ‹¿å‡ºè¯æ®ã€‚  8æœˆ28æ—¥ï¼Œæ–°è¥¿å…°åª’ä½“äººå®‰æŸç„¶æ³¨æ„åˆ°ä¸Šè¿°å¸–æ–‡å¹¶å›å¤ï¼šâ€œä¸å¯¹â€ã€‚å¦å®šéœå°”çš„è¯´æ³•çš„åŒæ—¶ï¼Œå®‰æŸç„¶ä¹Ÿé™„ä¸Šäº†ä¸€å¼ å›¾ç‰‡ï¼Œå›¾ç‰‡å¯¹æ­£å¸¸çš„æ ¸ç”µç«™å†·å´æ°´ä¸ç¦å²›æ ¸æ±¡æŸ“æ°´è¿›è¡Œäº†ç®€å•æ˜ç¡®çš„å¯¹æ¯”è¯´æ˜ï¼Œå³è¿™ä¸¤è€…æ˜¯ä¸åŒçš„ï¼Œç¦å²›æ ¸æ±¡æŸ“æ°´å—åˆ°äº†æ ¸ååº”å †ä¸­æ ¸ç‡ƒæ–™çš„æ±¡æŸ“ã€‚  æ­¤å‰ï¼Œæœ‰æ—¥åª’æ›¾å®£ç§°ï¼Œä¸­å›½æ ¸ç”µç«™çš„è®°å½•æ˜¾ç¤ºï¼ŒåºŸæ°´ä¸­çš„æ°šæ°´å¹³ä¹Ÿè¶…è¿‡äº†æ—¥æœ¬å°†æ’æ”¾çš„æ ¸æ±¡æŸ“æ°´ä¸­æ°šçš„æœ€é«˜å«é‡ã€‚å¯¹æ­¤ï¼Œä¸­å›½å¤–äº¤éƒ¨å‘è¨€äººæ±ªæ–‡æ–Œ8æœˆ23æ—¥äºˆä»¥å›å‡»ï¼Œå¼ºè°ƒæ—¥æ–¹æœ‰æ„æŠŠç¦å²›æ ¸æ±¡æŸ“æ°´åŒæ­£å¸¸çš„æ ¸ç”µç«™åºŸæ°´æ··ä¸ºä¸€è°ˆï¼Œæ°æ°è¡¨æ˜äº†æ—¥æ–¹åœ¨è¿™ä¸ªé—®é¢˜ä¸Šä¸ç§‘å­¦ï¼Œæœ‰æ„è’™è”½å›½é™…ç¤¾ä¼šã€‚  æ±ªæ–‡æ–Œå½“æ—¶è¡¨ç¤ºï¼Œæ—¥æœ¬ç¦å²›æ ¸æ±¡æŸ“æ°´æ˜¯ç»è¿‡æ ¸ç”µç«™ç†”åŒ–å †èŠ¯çš„æ°´ï¼Œè¿™ç§æ±¡æŸ“æ°´åŒæ­£å¸¸çš„æ ¸ç”µç«™åºŸæ°´çš„æ’æ”¾å®Œå…¨ä¸æ˜¯ä¸€ç äº‹ï¼Œä¸¤è€…çš„æ€§è´¨ä¸åŒã€æ¥æºä¸åŒã€å¤„ç†éš¾åº¦ä¸åŒã€‚â€œä¸­æ–¹ç­‰åˆ©ç›Šæ”¸å…³æ–¹ä¹Ÿå¤šæ¬¡æŒ‡å‡ºï¼Œå¦‚æœæ ¸æ±¡æŸ“æ°´æ˜¯å®‰å…¨çš„ï¼Œå°±æ²¡æœ‰å¿…è¦æ’æµ·ï¼›å¦‚æœä¸å®‰å…¨å°±æ›´ä¸åº”è¯¥æ’æµ·ï¼Œâ€æ±ªæ–‡æ–Œè¯´é“ã€‚  å€¼å¾—æ³¨æ„çš„æ˜¯ï¼Œ28æ—¥ï¼Œéœå°”å›å¤å®‰æŸç„¶çš„å¸–æ–‡ï¼Œé˜´é˜³æ€ªæ°”åœ°ç§°â€œæŠ±æ­‰ï¼Œä¸­å›½æ ¸ç”µç«™åºŸæ°´ä¸­çš„æ”¾å°„æ€§æ±¡æŸ“æ°´å¹³å®é™…ä¸Šæ›´é«˜â€ï¼Œå¹¶ç§°è‡ªå·±å¼•ç”¨äº†â€œå›½é™…ä¸Šçš„å¯é æ¶ˆæ¯æ¥æºâ€ã€‚åŒæ—¥ï¼Œå®‰æŸç„¶å¯¹å…¶è¯´æ³•å†æ¬¡è¿›è¡Œå›å¤ï¼Œåˆ—å‡ºäº†äººä»¬å¯¹ç¦å²›æ ¸æ±¡æŸ“æ°´å®‰å…¨æ€§æ‹…å¿§çš„ä¾æ®ã€‚  â€œé‡è¦åŒºåˆ«ï¼šç¦å²›æ˜¯ä¸€åœºæ ¸ç¾éš¾ï¼Œé­å—äº†3æ¬¡æ ¸ï¼ˆå †èŠ¯ï¼‰ç†”æ¯ã€‚ä»–ä»¬æ’æ”¾çš„æ°´åœ¨æ¥è§¦åˆ°å †èŠ¯åå·²ç»è¢«æ±¡æŸ“å’Œå¹¶å…·æœ‰æ”¾å°„æ€§ã€‚ä¸–ç•Œä¸Šæ²¡æœ‰å…¶ä»–æ ¸ç”µç«™è¿™æ ·åšï¼Œâ€å®‰æŸç„¶è¡¨ç¤ºï¼Œå¹¶æå‡ºæ—¥æœ¬æ ¸æ±¡æŸ“æ°´å—åˆ°æ™®éè´¨ç–‘çš„å¦ä¸€ä¸ªåŸå› ï¼Œâ€œä¸–ç•Œå„åœ°çš„æ ¸ç”µç«™åœ¨æ­£å¸¸è¿è¡Œè¿‡ç¨‹ä¸­éƒ½ä¼šé‡Šæ”¾æ°šï¼Œæ³•å›½æ ¸ç”µç«™çš„æ°šæ’æ”¾é‡æ˜¯ä¸­å›½æ ¸ç”µç«™çš„10å€ã€‚ä½†æ°šè¿™ä¸ªè®ºç‚¹æ˜¯æ•…æ„è¿·æƒ‘ä½ ä»¬çš„ã€‚æ—¥æœ¬ç»¿è‰²å’Œå¹³ç»„ç»‡åˆ—å‡ºäº†ç¦å²›æ ¸æ±¡æŸ“æ°´ä¸­çš„å…¶ä»–ï¼ˆæ”¾å°„æ€§ï¼‰åŒä½ç´ ï¼ŒåŒ…æ‹¬ä½†ä¸é™äºå¯¼è‡´éª¨ç™Œçš„é”¶-90ï¼Œå®ƒä»¬çš„å±å®³è¦å¤§å¾—å¤šã€‚â€  å¯¹äºå®‰æŸç„¶è¿™ä¸€å›å¤ï¼Œæœ‰ç½‘å‹åœ¨ä¸‹æ–¹@éœå°”ï¼Œâ€œå¯¹æ­¤æœ‰ä»€ä¹ˆå›åº”å—ï¼Ÿâ€æˆªè‡³å‘ç¨¿å‰ï¼Œå°šæœªçœ‹åˆ°éœå°”å›å¤è¯¥ç½‘å‹ã€‚  æ­¤å¤–ï¼Œåœ¨æ–‡ç« å¼€ç¯‡éœå°”å€Ÿæ±¡è”‘ä¸­å›½ä¸ºæ—¥æœ¬æ ¸æ±¡æŸ“æ°´æ´—ç™½çš„å¸–æ–‡ä¸‹ï¼Œä¹Ÿæœ‰ç½‘å‹è¡¨ç¤ºè´¨ç–‘ï¼Œâ€œå¦‚æœä½ è§‰å¾—æ—¥æœ¬çš„æ°´æ˜¯å®‰å…¨çš„ï¼Œä¸ºä»€ä¹ˆä½ ä¸æŠŠå®ƒå­˜åœ¨åé™¢ï¼Œæˆ–è€…ï¼ˆæ’è¿›ï¼‰ä½ çš„æ³³æ± é‡Œï¼ˆç„¶åï¼‰æ¸¸æ³³ï¼Œæˆ–è€…æœ€å¥½æ˜¯åˆ†ç»™ä½ çš„å®¶äººå–ã€‚â€  è¿˜æœ‰ç½‘å‹è®¤ä¸ºï¼Œéœå°”ä¼¼ä¹å·²æ²¦ä¸ºæ—¥æœ¬æ”¿åºœâ€œå®£ä¼ å‚€å„¡â€ï¼šâ€œæ°å¼—é‡Œå·²ç»æˆä¸ºæ—¥æœ¬æ”¿åºœçš„â€˜å‚€å„¡â€™ï¼Œå› ä¸ºä»–åªå…³æ³¨æ°šã€‚è¿™å°±æ˜¯æ—¥æœ¬æ”¿åºœçš„ç›®çš„ã€‚çœŸæ­£çš„é—®é¢˜æ˜¯è¢«æ±¡æŸ“çš„æ°´é‡Œè¿˜æœ‰ä»€ä¹ˆï¼Œä»¥åŠä¸ºä»€ä¹ˆæ—¥æœ¬éœ€è¦30å¤šå¹´çš„æ—¶é—´æ’æ”¾æ±¡æŸ“æ°´ã€‚æ ¸åºŸæ°´ä¸æ˜¯æ ¸æ±¡æŸ“æ°´ã€‚â€  å°±åœ¨8æœˆ28æ—¥ï¼Œä¸­å›½é©»æ—¥æœ¬å¤§ä½¿é¦†å‘å¸ƒæ¶ˆæ¯ç§°ï¼Œæˆ‘é©»æ—¥æœ¬å¤§ä½¿å´æ±Ÿæµ©åº”çº¦ä¼šè§æ—¥æœ¬å¤–åŠ¡äº‹åŠ¡æ¬¡å®˜å†ˆé‡æ­£æ•¬ï¼Œå°±ç¦å²›æ ¸æ±¡æŸ“æ°´æ’æµ·é—®é¢˜è¿›ä¸€æ­¥å‘æ—¥æ–¹é˜æ˜ä¸¥æ­£ç«‹åœºï¼Œå¹¶è¦æ±‚æ—¥æ–¹è®¤çœŸå›ç­”ä»¥ä¸‹ä¸‰ä¸ªé—®é¢˜ï¼šé¦–å…ˆï¼Œä¸ºä»€ä¹ˆæ—¥æ–¹åˆ»æ„å¼ºè°ƒæ°šå…ƒç´ ç»è¿‡äº†ç¨€é‡Šå¤„ç†ï¼Œä½†å§‹ç»ˆå¯¹å…¶å®ƒæ”¾å°„æ€§æ ¸ç´ é—ªçƒå…¶è¾ï¼Ÿç¬¬äºŒï¼Œä¸ºä»€ä¹ˆæ—¥æ–¹ä¸è¿›è¡Œå…¨é¢ç³»ç»Ÿçš„æµ·æ´‹ç¯å¢ƒç›‘æµ‹ï¼Ÿç¬¬ä¸‰ï¼Œä¸ºä»€ä¹ˆæ—¥æ–¹æ‹’ç»å…¶ä»–åˆ©ç›Šæ”¸å…³æ–¹å…±åŒå‚ä¸å»ºç«‹å›½é™…ç›‘æµ‹æœºåˆ¶ï¼Ÿ#æ—¥æœ¬æ­£é‡‡å–å‘åŠ£æ‰‹æ®µå¯¹ä¸­å›½å€’æ‰“ä¸€è€™#,2023-08-29 13:48:04,17.0,151.0,30.0,2028810631,æ–°æµªæ–°é—»,æ–°æµªæ–°é—»,https://weibo.com/2028810631/NgOq3lJLn,post,"https://tvax4.sinaimg.cn/crop.0.0.799.799.1024/002diGk7ly8h8vg36oqidj60m70m7mxs02.jpg?KID=imgbed,tva&Expires=1710931909&ssig=qXMGdbGW76",https://wx1.sinaimg.cn/orj960/002diGk7ly8hhdk7yrdjkj60ed0hngmx02,highlight,0.0,cooling_water_nuclear_wastewater,
twitter,1695822332114407680,"Tritium is a red herring. The real danger lies with Strontium-90, carbon-14, iodine-129 and other isotopes.","Tritium is a red herring. The real danger lies with Strontium-90, carbon-14, iodine-129 and other isotopes.",2023-08-27 23:35:25,142.0,50.0,725.0,23499976,AndyBxxx,AndyBxxx,https://twitter.com/AndyBxxx/status/1695822332114407763,post,,https://pbs.twimg.com/media/F4gPWwoX0AAXh3v.png,highlight,-0.82,cooling_water_nuclear_wastewater,
twitter,1695622360534057216,"Scientists have pointed out that Chinaâ€™s own nuclear power plants release wastewater with higher levels of tritium than that found in Fukushimaâ€™s dischargeand that the levels are all within boundaries not considered to be harmful to human health. https://t.co/GvM72W3wQK https://t.co/wVH0l4QdM3""""","Scientists have pointed out that Chinaâ€™s own nuclear power plants release wastewater with higher levels of tritium than that found in Fukushimaâ€™s discharge, and that the levels are all within boundaries not considered to be harmful to human health."" https://t.co/GvM72W3wQK https://t.co/wVH0l4QdM3",2023-08-27 10:20:48,235.0,104.0,672.0,15709520,mrjeffu,mrjeffu,https://twitter.com/mrjeffu/status/1695622360534057290,post,,https://pbs.twimg.com/media/F4gPWwoX0AAXh3v.png,highlight,-0.32,cooling_water_nuclear_wastewater,
twitter,1694917686445375488,"Fukushima waste water is different from others, it has come in direct contact with the reactor core. Radioactive residues much more toxic than tritium are present.The ALPS system used for filtration never received performance verification from IAEA.https://t.co/w0hMTIa2gK https://t.co/wW9SD4bbyL","Fukushima waste water is different from others, it has come in direct contact with the reactor core. Radioactive residues much more toxic than tritium are present.The ALPS system used for filtration never received performance verification from IAEA.https://t.co/w0hMTIa2gK https://t.co/wW9SD4bbyL",2023-08-25 11:40:41,348.0,60.0,927.0,1061881758570795008,taro_taylor,taro_taylor,https://twitter.com/taro_taylor/status/1694917686445375616,post,,https://pbs.twimg.com/media/F4WOp1eawAAHYJO.jpg,highlight,-0.62,cooling_water_nuclear_wastewater,
twitter,1693903891216429312,What is the difference between Fukushima's nuclear wastewater and general cooling water? https://t.co/DB2vN1TYk4,ç¦å²›çš„æ ¸æ±¡æ°´ï¼Œå’Œä¸€èˆ¬çš„å†·å´æ°´ï¼Œæœ‰ä»€ä¹ˆåŒºåˆ«ï¼Ÿ https://t.co/DB2vN1TYk4,2023-08-22 16:32:13,208.0,164.0,1064.0,1334710849928265729,AirongLi,AirongLi,https://twitter.com/AirongLi/status/1693903891216429345,post,,https://pbs.twimg.com/media/F4Hz1G_awAAMSqU.jpg,highlight,-0.12,cooling_water_nuclear_wastewater,
weibo,4995041027686626,"Technology tycoon Elon Musk claimed in a series of posts on the issue on Friday that US President Joe Biden supports the ""open borders"" of the United States, which is ""currently undeniable."". ""No laws need to be passed,"" Tesla's CEO wrote on his X social media platform (formerly Twitter). ""All that is needed is an administrative order to provide evidence before approving the asylum hearing."" Biden is willing to compromise on this issue, which has caused great controversy among Democratic Party members, indicating that he attaches great importance to continuing to provide assistance to Ukraine and hopes to obtain assistance in exchange for compromising border policies. At the same time, former President Donald Trump and some Republican members in Congress have stated that they will reject compromise legislation from the Senate, indicating that dysfunctional legislation will continue to hinder progress on this issue, which may hold a significant position in the November presidential election.",ç§‘æŠ€å¤§äº¨åŸƒéš†Â·é©¬æ–¯å…‹å‘¨äº”åœ¨ä¸€ç³»åˆ—æœ‰å…³è¯¥é—®é¢˜çš„å¸–å­ä¸­å£°ç§°ï¼Œç¾å›½æ€»ç»Ÿä¹”Â·æ‹œç™»æ”¯æŒç¾å›½â€œå¼€æ”¾è¾¹ç•Œâ€ï¼Œè¿™ä¸€ç‚¹â€œç›®å‰ä¸å¯å¦è®¤â€ã€‚  â€œä¸éœ€è¦é€šè¿‡ä»»ä½•æ³•å¾‹ï¼Œâ€ç‰¹æ–¯æ‹‰é¦–å¸­æ‰§è¡Œå®˜åœ¨ä»–çš„ X ç¤¾äº¤åª’ä½“å¹³å°ï¼ˆä»¥å‰çš„ Twitterï¼‰ä¸Šå†™é“ã€‚ â€œæ‰€éœ€è¦çš„åªæ˜¯ä¸€é¡¹è¡Œæ”¿å‘½ä»¤ï¼Œè¦æ±‚åœ¨æ‰¹å‡†åº‡æŠ¤å¬è¯ä¼šä¹‹å‰æä¾›è¯æ®ã€‚â€  æ‹œç™»æ„¿æ„åœ¨è¿™ä¸ªé—®é¢˜ä¸Šå¦¥åï¼Œè¿™åœ¨æ°‘ä¸»å…šçš„åŸºç¡€äººå£«ä¸­å¼•èµ·å¾ˆå¤§äº‰è®®ï¼Œè¿™è¡¨æ˜ä»–éå¸¸é‡è§†ç»§ç»­å‘ä¹Œå…‹å…°æä¾›æ´åŠ©ï¼Œä»–å¸Œæœ›ä»¥è¾¹å¢ƒæ”¿ç­–å¦¥åä¸ºäº¤æ¢æ¡ä»¶è·å¾—æ´åŠ©ã€‚  ä¸æ­¤åŒæ—¶ï¼Œå‰æ€»ç»Ÿå”çº³å¾·Â·ç‰¹æœ—æ™®å’Œå›½ä¼šä¸­çš„ä¸€äº›å…±å’Œå…šæˆå‘˜å·²è¡¨ç¤ºå°†æ‹’ç»å‚è®®é™¢çš„å¦¥åç«‹æ³•ï¼Œè¿™è¡¨æ˜ç«‹æ³•åŠŸèƒ½å¤±è°ƒå°†ç»§ç»­é˜»ç¢è¿™ä¸€é—®é¢˜çš„è¿›å±•ï¼Œè€Œè¿™ä¸€é—®é¢˜å¯èƒ½åœ¨ 11 æœˆçš„æ€»ç»Ÿé€‰ä¸¾ä¸­å æ®é‡è¦åœ°ä½ã€‚,2024-01-28 06:20:47,0.0,0.0,0.0,1703776500,é›…è¯—æ‚¦å·±,é›…è¯—æ‚¦å·±,https://weibo.com/1703776500/NDSrYwfDQ,post,"https://tvax4.sinaimg.cn/crop.0.0.1080.1080.1024/658d90f4ly8hjge1roaeaj20u00u0401.jpg?KID=imgbed,tva&Expires=1711602993&ssig=oD7CDiesue",https://wx1.sinaimg.cn/orj960/658d90f4ly1hm8xnbty0vj20zk0npwk5,highlight,0.2,border_united_texas_trump,
weibo,4994778225445102,"Biden said that if the new emergency authorization bill is passed, he will immediately close the US Mexico border. (Source: X original Twitter)",æ‹œç™»è¡¨ç¤ºï¼Œå¦‚æœæ–°çš„ç´§æ€¥æˆæƒæ³•æ¡ˆè·å¾—é€šè¿‡ï¼Œä»–å°†ç«‹å³å…³é—­ç¾å¢¨è¾¹å¢ƒã€‚ï¼ˆæ¥æº:XåŸæ¨ç‰¹ï¼‰ ,2024-01-27 12:56:30,3.0,83.0,17.0,2150758415,å­¤çƒŸæš®è‰,å­¤çƒŸæš®è‰,https://weibo.com/2150758415/NDLC6mQwe,post,"https://tvax2.sinaimg.cn/crop.0.0.1080.1080.1024/8031f80fly8hdw3sekcbrj20u00u0q94.jpg?KID=imgbed,tva&Expires=1711603064&ssig=8qD7PpSthm",https://wx1.sinaimg.cn/orj960/8031f80fgy1hm828ssxzij20xw0hu41w,highlight,0.02,border_united_texas_trump,
weibo,5007843947710214,"#On the same day, Biden Trump went to the border to criticize each other # [Biden Trump's visit to Texas on the same day to ""confront"" the border immigration issue] # How the border immigration issue stirred up the US election # On February 29th local time, current US President Biden and former President Trump visited the US Mexico border in Texas and engaged in a ""cross air confrontation"" over the currently heated immigration issue. American media has noticed that the two people's visit locations are only over 500 kilometers apart, and there is even some overlap in their speaking time. Analysis suggests that this eye-catching ""coincidence"" reflects that Biden and Trump are fiercely vying for votes on immigration, one of the hottest topics in the 2024 election. http://t.cn/A6YR6unb",#æ‹œç™»ç‰¹æœ—æ™®åŒæ—¥èµ´è¾¹å¢ƒäº’ç›¸æŠ¨å‡»#ã€æ‹œç™»ç‰¹æœ—æ™®åŒæ—¥è®¿å¾—å…‹è¨æ–¯å·  â€œå¯¹å†³â€è¾¹å¢ƒç§»æ°‘é—®é¢˜ã€‘#è¾¹å¢ƒç§»æ°‘é—®é¢˜å¦‚ä½•æ…åŠ¨ç¾å›½å¤§é€‰# å½“åœ°æ—¶é—´2æœˆ29æ—¥ï¼Œç¾å›½ç°ä»»æ€»ç»Ÿæ‹œç™»å’Œå‰æ€»ç»Ÿç‰¹æœ—æ™®ï¼Œåˆ†åˆ«è®¿é—®äº†ä½äºå¾—å…‹è¨æ–¯å·çš„ç¾å¢¨è¾¹å¢ƒï¼Œå¹¶å°±çœ¼ä¸‹ç™½çƒ­åŒ–çš„ç§»æ°‘é—®é¢˜å±•å¼€â€œéš”ç©ºäº¤é”‹â€ã€‚ç¾åª’æ³¨æ„åˆ°ï¼Œä¸¤äººåˆ°è®¿çš„åœ°ç‚¹ç›¸è·ä»…500å¤šå…¬é‡Œï¼Œç”šè‡³åœ¨å‘è¨€æ—¶é—´ä¸Šéƒ½æœ‰äº›é‡å ã€‚åˆ†æç§°ï¼Œè¿™åœºå¼•äººæ³¨ç›®çš„â€œå·§åˆâ€ï¼Œåæ˜ å‡ºæ‹œç™»å’Œç‰¹æœ—æ™®æ­£åœ¨å°±ç§»æ°‘é—®é¢˜è¿™ä¸€2024å¹´å¤§é€‰æœ€çƒ­é—¨è®®é¢˜ä¹‹ä¸€å…¨åŠ›äº‰å¤ºé€‰ç¥¨ã€‚ http://t.cn/A6YR6unb,2024-03-03 14:15:01,1.0,1.0,0.0,6221932120,ç›´æ–°é—»,ç›´æ–°é—»,https://weibo.com/6221932120/O3i3wwlMi,post,"https://tvax2.sinaimg.cn/crop.0.0.1080.1080.1024/006N4ALSly8gdi6ut01v6j30u00u00tw.jpg?KID=imgbed,tva&Expires=1711603145&ssig=hTLzDZCw%2F%2B",,highlight,-0.09,border_united_texas_trump,
weibo,5006156446043775,"Trump criticized Biden's border illegal immigration invasion: ""Joe Biden allows illegal immigrants to enter the country that is destroying us and killing our citizens!"" (Source: X original Twitter)",ç‰¹æœ—æ™®æŠ¨å‡»æ‹œç™»çš„è¾¹å¢ƒéæ³•ç§»æ°‘å…¥ä¾µ:â€œä¹”Â·æ‹œç™»å…è®¸éæ³•ç§»æ°‘è¿›å…¥æ­£åœ¨æ‘§æ¯æˆ‘ä»¬çš„å›½å®¶ï¼Œæ€å®³æˆ‘ä»¬çš„å…¬æ°‘ï¼â€ï¼ˆæ¥æº:XåŸæ¨ç‰¹ï¼‰ ,2024-02-27 22:29:29,2.0,49.0,1.0,2150758415,å­¤çƒŸæš®è‰,å­¤çƒŸæš®è‰,https://weibo.com/2150758415/O2A9Kpmgf,post,"https://tvax2.sinaimg.cn/crop.0.0.1080.1080.1024/8031f80fly8hdw3sekcbrj20u00u0q94.jpg?KID=imgbed,tva&Expires=1711603205&ssig=KgkOKFclN3",https://wx1.sinaimg.cn/orj960/8031f80fly1hn8e8kjbo8j20ih0iwwgl,highlight,-0.85,border_united_texas_trump,
weibo,4994965107114106,"#The Governor of Texas stated, ""I have declared my state invaded and invoked the constitutional power of Texas for self-defense and protection... The Texas National Guard, Texas Department of Public Safety, and other Texas agencies are taking action based on this power and state laws to ensure border security."" This indicates that Texas has entered a state of war, and Texas's actions have also received support from 25 other governors. Ami's big incident shows signs of division, with major domestic media turning a deaf ear and focusing on reporting on the two bullied cats ğŸ±ã€‚ Like the previous ""Loli Island"", some media outlets choose to avoid negative issues about their ""spiritual homeland"".",#å¾·å…‹è¨æ–¯# å¾·å…‹è¨æ–¯å·é•¿ç§°ï¼šâ€œæˆ‘å·²å®£å¸ƒæœ¬å·é­å—å…¥ä¾µï¼Œå¹¶æ´å¼•å¾·å·çš„å®ªæ³•æƒåŠ›è¿›è¡Œè‡ªå«å’Œä¿æŠ¤â€¦â€¦å¾·å·å›½æ°‘è­¦å«é˜Ÿã€å¾·å·å…¬å…±å®‰å…¨éƒ¨åŠå…¶ä»–å¾·å·æœºæ„æ­£ä¾æ®è¯¥æƒåŠ›å’Œå·æ³•å¾‹é‡‡å–è¡ŒåŠ¨ï¼Œç¡®ä¿å¾·å·è¾¹å¢ƒå®‰å…¨ã€‚â€è¿™å·²ç»è¡¨æ˜#å¾·å…‹è¨æ–¯å·è¿›å…¥æˆ˜äº‰çŠ¶æ€# è€Œä¸”å¾·å…‹è¨æ–¯å·çš„è¡ŒåŠ¨ï¼Œä¹Ÿè·å¾—äº†å…¶ä»–25ä¸ªå·é•¿çš„æ”¯æŒã€‚         é˜¿ç¾å‘ç”Ÿè¿™ä¹ˆå¤§çš„äº‹ï¼Œéƒ½æœ‰åˆ†è£‚çš„è¿¹è±¡äº†ï¼Œå›½å†…çš„å„å¤§åª’ä½“å……è€³ä¸é—»ï¼Œéƒ½åœ¨é›†ä¸­ç²¾åŠ›æŠ¥é“ä¸¤åªè¢«æ¬ºè´Ÿçš„çŒ«ğŸ±ã€‚å’Œä¹‹å‰çš„â€œèè‰å²›â€ä¸€æ ·ï¼ŒæŸäº›åª’ä½“äººå¯¹ä»–ä»¬â€œç²¾ç¥æ¯å›½â€çš„è´Ÿé¢é—®é¢˜ï¼Œä¸€å¾‹é€‰æ‹©å›é¿ã€‚,2024-01-28 01:19:05,123.0,4666.0,461.0,2114242457,åŒ»è€…æ€è¿œ,åŒ»è€…æ€è¿œ,https://weibo.com/2114242457/NDQtwtQHE,post,"https://tvax2.sinaimg.cn/crop.0.0.837.837.1024/7e04c799ly8hdqzrpwd52j20n90n9dgt.jpg?KID=imgbed,tva&Expires=1711603262&ssig=ZAYmFSUFNW",https://wx1.sinaimg.cn/orj960/7e04c799ly1hm8osud6zvj20r00vx46m,highlight,-0.34,border_united_texas_trump,
twitter,1751085894927331710,"@Not_the_Bee @POTUS Building a wall is a red herring. No wall is needed to fix this situation. Border Patrol is being instructed to facilitate illegal entry at scale into the United States.The fundamental problem is that anyone can claim asylum with zero proof, which means all of Earth can comeâ€¦","@Not_the_Bee @POTUS Building a wall is a red herring. No wall is needed to fix this situation. Border Patrol is being instructed to facilitate illegal entry at scale into the United States.The fundamental problem is that anyone can claim asylum with zero proof, which means all of Earth can comeâ€¦",2024-01-27 11:33:05,5563.0,1823.0,31430.0,44196397,elonmusk,elonmusk,https://twitter.com/elonmusk/status/1751085894927331710,post,,,highlight,-0.81,border_united_texas_trump,
twitter,1751048868584939549,BREAKING: Biden says he will immediately shut down the US-Mexico border if bill with new emergency authority is passed,BREAKING: Biden says he will immediately shut down the US-Mexico border if bill with new emergency authority is passed,2024-01-27 09:05:57,786.0,1345.0,5794.0,1626294277,spectatorindex,spectatorindex,https://twitter.com/spectatorindex/status/1751048868584939549,post,,,highlight,-0.28,border_united_texas_trump,
twitter,1763309781664616770,"BREAKING: President Trump also visits the border in Eagle Pass, Texas, meets with Texas National Guard. WATCH https://t.co/DgqGsWkQvb","BREAKING: President Trump also visits the border in Eagle Pass, Texas, meets with Texas National Guard. WATCH https://t.co/DgqGsWkQvb",2024-03-01 05:06:27,860.0,176.0,6174.0,130003441,simonateba,simonateba,https://twitter.com/simonateba/status/1763309781664616770,post,,https://pbs.twimg.com/amplify_video_thumb/1763307486734397440/img/72Z0hjY91pZaTK_d.jpg,highlight,0.1,border_united_texas_trump,
twitter,1763309114573156471,"BREAKING: President Biden visits a stretch of the border, looks a bit weak and confused. WATCH https://t.co/hIp2zzrBEj","BREAKING: President Biden visits a stretch of the border, looks a bit weak and confused. WATCH https://t.co/hIp2zzrBEj",2024-03-01 05:03:48,729.0,1157.0,3286.0,130003441,simonateba,simonateba,https://twitter.com/simonateba/status/1763309114573156471,post,,https://pbs.twimg.com/ext_tw_video_thumb/1763297237092757504/pu/img/GipNq1Hub0ZvsRVy.jpg,highlight,-0.61,border_united_texas_trump,
twitter,1762223551548150211,Crooked Joe Bidenâ€™s Border INVASION is destroying our country and killing our citizens! The horrible murder of 22-year-old Laken Riley at the University of Georgia should have NEVER happened! The monster who took her life illegally entered our Country in 2022â€¦and then wasâ€¦,Crooked Joe Bidenâ€™s Border INVASION is destroying our country and killing our citizens! The horrible murder of 22-year-old Laken Riley at the University of Georgia should have NEVER happened! The monster who took her life illegally entered our Country in 2022â€¦and then wasâ€¦,2024-02-27 05:10:09,993.0,559.0,3192.0,1686901686185721857,TrumpDailyPosts,TrumpDailyPosts,https://twitter.com/TrumpDailyPosts/status/1762223551548150211,post,,,highlight,-0.95,border_united_texas_trump,
twitter,1750643415765668036,BREAKING: 25 GOP governors issue a joint statement in support of Texas in its border dispute with Biden's federal government https://t.co/P8x42y3XDc,BREAKING: 25 GOP governors issue a joint statement in support of Texas in its border dispute with Biden's federal government https://t.co/P8x42y3XDc,2024-01-26 06:14:50,744.0,143.0,2668.0,1247223374717296647,TheInsiderPaper,TheInsiderPaper,https://twitter.com/TheInsiderPaper/status/1750643415765668036,post,,https://pbs.twimg.com/media/GEuI5uPa0AAjrOK.jpg,highlight,0.11,border_united_texas_trump,
twitter,1751022877045060007,"I don't see Republicans going for this. This allows 150,000 crossings per month, 1.8 million per year - as a bottom baseline before expulsion authority kicks in. That is up massively over both Trump and Obama years. Expediting asylum process would be a positive though and theâ€¦","I don't see Republicans going for this. This allows 150,000 crossings per month, 1.8 million per year - as a bottom baseline before expulsion authority kicks in. That is up massively over both Trump and Obama years. Expediting asylum process would be a positive though and theâ€¦",2024-01-27 07:22:40,955.0,585.0,3322.0,1071585991,BillMelugin_,BillMelugin_,https://twitter.com/BillMelugin_/status/1751022877045060007,post,,,highlight,-0.53,border_united_texas_trump,
twitter,1763313547314897302,This is what a real LEADER looks like.The PEOPLE are with DONALD J. TRUMP.https://t.co/lZ20odjPwm,This is what a real LEADER looks like.The PEOPLE are with DONALD J. TRUMP.https://t.co/lZ20odjPwm,2024-03-01 05:21:25,1458.0,1519.0,11179.0,832978972602429440,GrahamAllen_1,GrahamAllen_1,https://twitter.com/GrahamAllen_1/status/1763313547314897302,post,,https://pbs.twimg.com/amplify_video_thumb/1763307486734397440/img/72Z0hjY91pZaTK_d.jpg,highlight,0.87,border_united_texas_trump,
twitter,1763313878329618674,"President Trump, live form Eagle Pass, TX confirms heâ€™s spoken to the parents of Laken Riley.  https://t.co/eBSvSgefZu","President Trump, live form Eagle Pass, TX confirms heâ€™s spoken to the parents of Laken Riley.  https://t.co/eBSvSgefZu",2024-03-01 05:22:44,2893.0,443.0,15483.0,292929271,charliekirk11,charliekirk11,https://twitter.com/charliekirk11/status/1763313878329618674,post,,https://pbs.twimg.com/amplify_video_thumb/1763313323611701248/img/EAPj27VIdmSlQtJs.jpg,highlight,0.12,border_united_texas_trump,
facebook,richard.kozlowski.509post,How the hell is this borders closure! Shut down congress! Shut down the spending/bleed!,How the hell is this borders closure! Shut down congress! Shut down the spending/bleed!,2024-02-01 07:22:40,0.0,0.0,0.0,richard.kozlowski.509,Richard Kozlowski,Richard Kozlowski,https://www.facebook.com/richard.kozlowski.509/posts/pfbid0BEL5LXVVwAN4cbXh4MXJK8zD7XULLj2UiPG16sCkE6hpbzZq2obYxhBrocSU93dTl,post,https://www.facebook.com/photo/?fbid=1388968648095101&set=a.1388968668095099&__tn__=%3C,https://www.facebook.com/photo/?fbid=3799878293580604&set=a.3626979704203798&__cft__[0]=AZX50SDJ2M6xQlbMd6T5ANbjzh2zDevAI3LSxD9juCvKKt8CHoTAHlgG7HCMHE5JEtRQ8WObBeAui5E0Q67JeD1J7hUnp2sIi6Oo0zG-5TnS2K9msaQdo2rvrkyRdJIM-uWfGUG0C9R7G_NxKYuiR-3CcWVIgWKRvO1Us67r3aO07g&__tn__=EH-y-R,highlight,-0.9,border_united_texas_trump,
facebook,ColeenMPpost,Trump's comments - https://twitter.com/charlie.../status/1763313878329618674...,Trump's comments -https://twitter.com/charlie.../status/1763313878329618674...,2024-02-29 13:34:00,0.0,0.0,0.0,ColeenMP,Coleen Faith,Coleen Faith.,https://www.facebook.com/ColeenMP/posts/pfbid02k3eBxAUSHm9r9oymp9cRTvbuxXAP8oJ5G3pcqs88fzMgaYps8DccibooeCryV5vUl,post,https://www.facebook.com/photo/?fbid=1388968648095101&set=a.1388968668095099&__tn__=%3C,https://scontent-sin6-3.xx.fbcdn.net/v/t39.30808-1/433486452_7290333504353894_3587611928974109836_n.jpg?stp=c4.0.320.320a_dst-jpg_p320x320&_nc_cat=104&ccb=1-7&_nc_sid=5f2048&_nc_ohc=djslsIZ9qqIAX84yHSW&_nc_ht=scontent-sin6-3.xx&oh=00_AfBvHVhV7lRQgHkhGXtFjIcZKMLjeH4v_P0gt7E46uWQqw&oe=660B3A56,highlight,-0.14,border_united_texas_trump,
facebook,luna.toogiepost,What a bunch of Idiots.. they just love drama and hate so much that they are ready to fight! Thriving off of Evil!! Truckers head for the border in support of Texas https://twitter.com/LoomerReport/status/1751283474034811143,What a bunch of Idiots.. they just love drama and hate so much that they are ready to fight! Thriving off of Evil!! Truckers head for the border in support of Texas https://twitter.com/LoomerReport/status/1751283474034811143,2024-01-27 15:55:53,0.0,0.0,0.0,luna.toogie,Luna Toogie,Luna Toogie,https://www.facebook.com/luna.toogie/posts/pfbid0BEL5LXVVwAN4cbXh4MXJK8zD7XULLj2UiPG16sCkE6hpbzZq2obYxhBrocSU93dTl,post,https://www.facebook.com/photo/?fbid=1388968648095101&set=a.1388968668095099&__tn__=%3C,https://www.facebook.com/photo/?fbid=2291773584350946&set=a.104861136375546&__cft__[0]=AZVePBN_nqCzCJ5Dy-nfBsFgBaui2X6RriwP3n5CtqRyArwEXBtwgcFWoSMlE2IPFtDUvW0eLI0w-VpqxNE4BLLTuqM5-sb9V03OAWUh83wIWlU0W6XPMi4zJZmXxch76nM&__tn__=EH-R,highlight,-0.92,border_united_texas_trump,
facebook,VincentVict555post,This is what a real LEADER looks like.The USğŸ‡ºğŸ‡¸ PEOPLE are with President DONALD J. TRUMP.https://twitter.com/GrahamAllen_1/status/1763313547314897302,This is what a real LEADER looks like.The USğŸ‡ºğŸ‡¸ PEOPLE are with President DONALD J. TRUMP.https://twitter.com/GrahamAllen_1/status/1763313547314897302,2024-03-07 19:00:01,0.0,0.0,0.0,VincentVict555,Vincent Victory,Vincent Victory,https://www.facebook.com/VincentVict555/posts/pfbid01BUXJtUKE7EeiR26h83kAWVPWEPEfAGy8dYffdzher47fiJV2KcDK6K2QDHuudmhl,post,https://scontent-sin6-2.xx.fbcdn.net/v/t39.30808-1/415219351_1802214416875758_5941229301859273525_n.jpg?stp=c102.0.320.320a_dst-jpg_p320x320&_nc_cat=105&ccb=1-7&_nc_sid=5f2048&_nc_ohc=Xjzg894aVgoAX-4S6Wz&_nc_ht=scontent-sin6-2.xx&oh=00_AfA7w27DtiAEZjmSZDc18z579uSStbEzNtdfnfmDrJo3qQ&oe=660C7413,https://scontent-sin6-3.xx.fbcdn.net/v/t39.30808-6/431175575_1839856533111546_6411111927642179406_n.jpg?_nc_cat=104&ccb=1-7&_nc_sid=5f2048&_nc_ohc=BLzHDCT8z5wAX8EjlDr&_nc_ht=scontent-sin6-3.xx&oh=00_AfD8jMdbtPwvI3U4IJbi3GFfWVWCwC-h0xAMlhrcmZU8JA&oe=660B58A6,highlight,0.92,border_united_texas_trump,
weibo,4631255079980432,"After Zhao Lijian posted a Chinese netizen's painting ""In Shina Tritium Surfing"" on Twitter, the Japanese Ministry of Foreign Affairs revealed that on the 27th, they had protested to the Chinese government through diplomatic channels and requested to delete the post. In response, Chinese Foreign Ministry spokesperson Zhao Lijian stated that Japan's unilateral decision to discharge nuclear contaminated water into the sea in order to save money is extremely irresponsible. The Japanese side made a wrong decision first, and we protested later. If the Japanese side did something bad, why don't we let others say it? As for whether I will delete the post and apologize as you mentioned, you may have noticed that I have already put this tweet on the top. The illustration reflects legitimate public opinion and the call for justice, and it is precisely the Japanese government that needs to revoke the wrong decision and apologize. (China Daily reporter Meng Zhe and Yang Yi) http://t.cn/A6cRtmJi",ã€#èµµç«‹åšå›åº”è½¬å‘ç½‘å‹ç”»ä½œ# ï¼šæ—¥æ–¹åšäº†åäº‹ï¼Œè¿˜ä¸è®©åˆ«äººè¯´å—ï¼Ÿã€‘èµµç«‹åšåœ¨æ¨ç‰¹ä¸Šå‘å‡ºä¸­å›½ç½‘å‹ç”»ä½œã€Šç¥å¥ˆæ°šå†²æµªé‡Œã€‹åï¼Œæ—¥æœ¬å¤–åŠ¡çœé€éœ²ï¼Œ27æ—¥å·²é€šè¿‡å¤–äº¤é€”å¾„å‘ä¸­å›½æ”¿åºœæå‡ºæŠ—è®®å¹¶è¦æ±‚åˆ å¸–ã€‚å¯¹æ­¤ï¼Œä¸­å›½å¤–äº¤éƒ¨å‘è¨€äººèµµç«‹åšè¡¨ç¤ºï¼Œæ—¥æ–¹ä¸ºäº†çœé’±ï¼Œå•æ–¹é¢å†³å®šå°†æ ¸æ±¡æŸ“æ°´æ’æµ·ï¼Œæä¸è´Ÿè´£ä»»ã€‚æ—¥æ–¹é”™è¯¯å†³å®šåœ¨å…ˆï¼Œæˆ‘ä»¬æŠ—è®®åœ¨åï¼Œæ—¥æ–¹åšäº†åäº‹ï¼Œè¿˜ä¸è®©åˆ«äººè¯´å—ï¼Ÿè‡³äºä½ æåˆ°çš„æˆ‘æ˜¯å¦ä¼šåˆ å¸–å¹¶é“æ­‰ï¼Œå¯èƒ½ä½ å·²ç»æ³¨æ„åˆ°æˆ‘å·²ç»æŠŠè¿™ä¸ªæ¨ç‰¹ç½®é¡¶äº†ï¼Œæ’ç”»åæ˜ çš„æ˜¯æ­£å½“æ°‘æ„å’Œæ­£ä¹‰å‘¼å£°ï¼Œæ­£æ˜¯æ—¥æœ¬æ”¿åºœéœ€è¦æ’¤é”€é”™è¯¯å†³å®šå¹¶é“æ­‰ã€‚ï¼ˆä¸­å›½æ—¥æŠ¥ è®°è€… å­Ÿå“² æ¨è‰ºï¼‰http://t.cn/A6cRtmJi,2021-04-28 09:45:18,149.0,1313.0,134.0,3809668428,è§‚å¯Ÿè€…ç½‘,è§‚å¯Ÿè€…ç½‘,https://weibo.com/3809668428/Kd75pFSmI,post,"https://tvax2.sinaimg.cn/crop.0.0.512.512.1024/e312ed4cly8gwj52qzboqj20e80e8t98.jpg?KID=imgbed,tva&Expires=1710943678&ssig=g9ctrvKEjb",,highlight,-0.57,Great_Wave_Kanagawa,
weibo,4628369754556198,"On April 20th, an illustrator from Dalian, @ a boy who loves learning, made his hand drawn work ""Shina Tritium Surfing"" popular. The painting is full of details, with deformed hands and creatures in the waves, and Mount Fuji becoming the chimney of a nuclear reactor. The author introduces that since I grew up by the seaside in Dalian, I was particularly angry when I heard that the sea would be polluted. The painting depicts the scene of nuclear wastewater entering the sea. If Japan were to dispose of nuclear waste",ã€#å°ä¼™ç”»è¾ä¸–ç»˜dissæ—¥æœ¬æ ¸åºŸæ°´#ã€‘4æœˆ20æ—¥ï¼Œæ¥è‡ªå¤§è¿çš„æ’ç”»å¸ˆ@ä¸€ä¸ªçƒ­çˆ±å­¦ä¹ çš„ç”·å­©ï¼Œæ‰‹ç»˜ä½œå“ã€Šç¥å¥ˆæ°šå†²æµªè£ã€‹èµ°çº¢ã€‚ç”»ä½œçš„ç»†èŠ‚æ»¡æ»¡ï¼Œæµ·æµªé‡Œéƒ½æ˜¯ç•¸å½¢çš„æ‰‹å’Œç”Ÿç‰©ï¼Œå¯Œå£«å±±å˜æˆæ ¸ååº”å †çš„çƒŸå›±ã€‚ä½œè€…ä»‹ç»ï¼Œå› ä¸ºä»å°åœ¨å¤§è¿æµ·è¾¹é•¿å¤§ï¼Œå¬è¯´å¤§æµ·è¦è¢«æ±¡æŸ“å°±ç‰¹åˆ«ç”Ÿæ°”ï¼Œç”»ä¸­æ˜¯æ˜¯æ ¸åºŸæ°´å…¥æµ·åçš„æƒ…æ™¯ï¼Œå¦‚æœæ—¥æœ¬æŠŠæ ¸åºŸ ,2021-04-21 10:40:03,114.0,2001.0,74.0,1887344341,è§‚å¯Ÿè€…ç½‘,è§‚å¯Ÿè€…ç½‘,https://weibo.com/1887344341/KbU1Fj7h4,post,"https://tvax3.sinaimg.cn/crop.6.8.591.591.1024/707e96d5ly8h8vg9v0hpjj20go0gowf6.jpg?KID=imgbed,tva&Expires=1710911797&ssig=pBpZ0hIYMj",,highlight,0.43,Great_Wave_Kanagawa,
weibo,4630703406845209,"On April 27th, when faced with Zhao Lijian's Chinese netizen painting ""In the Shinagawa Tritium Surfing"" posted on Twitter, Japanese Deputy Foreign Minister Masato Sato was very anxious. He said, ""No matter what kind of 'Wolf Warrior Diplomacy' it is, this form is too low-level. It is unacceptable to express protests against the treatment of nuclear wastewater by polluting traditional Japanese culture. The Japanese government must also raise a serious protest."" In the Kanagawa Surfing ""is a colorful ukiyo-e painting created by Japanese painter Hokusai in the early 19th century."". In the painting, the waters near Kanagawa in Japan are turbulent, with three advancing ships amidst the waves. The brave crew members are fighting against nature for survival. The entire painting depicts the fearless spirit of people who are fearless of difficulties and obstacles, and move forward courageously. Nowadays, the spirit of ""fearlessness"" that Ge Zhuo Beizhai attempts to convey has changed its flavor in the Japanese government. They ignored the global marine ecological environment and the health and safety of all humanity, fearless of people's concerns and protests, and ultimately fell into ""stubbornness"".",ã€ä¸­å›½ç½‘å‹è¿™å¹…ç”»ï¼Œè®©æ—¥æœ¬å¤–åŠ¡å‰¯å¤§è‡£æ€¥äº†ã€‘ 4æœˆ27æ—¥ï¼Œé¢å¯¹èµµç«‹åšåœ¨æ¨ç‰¹ä¸Špoå‡ºçš„ä¸­å›½ç½‘å‹ç”»ä½œã€Šç¥å¥ˆæ°šå†²æµªé‡Œã€‹ï¼Œæ—¥æœ¬å¤–åŠ¡å‰¯å¤§è‡£ä½è—¤æ­£ä¹…æ€¥äº†ï¼Œä»–è¡¨ç¤ºï¼šâ€œå†æ€ä¹ˆæ ·çš„â€˜æˆ˜ç‹¼å¤–äº¤â€™ï¼Œè¿™ç§å½¢å¼ä¹Ÿå¤ªä½çº§äº†ã€‚ä»¥æ±¡æŸ“æ—¥æœ¬ä¼ ç»Ÿæ–‡åŒ–çš„æ–¹å¼æ¥è¡¨è¾¾å¯¹å¤„ç†æ ¸åºŸæ°´çš„æŠ—è®®ï¼Œæ— è®ºå¦‚ä½•éƒ½æ˜¯ä¸å¯æ¥å—çš„ã€‚æ—¥æœ¬æ”¿åºœä¹Ÿå¿…é¡»æå‡ºä¸¥æ­£æŠ—è®®ã€‚â€  ã€Šç¥å¥ˆå·å†²æµªé‡Œã€‹æ˜¯æ—¥æœ¬ç”»å®¶è‘›é¥°åŒ—æ–‹åœ¨19ä¸–çºªåˆåˆ›ä½œçš„ä¸€å¹…å½©è‰²æµ®ä¸–ç»˜ä½œå“ã€‚ç”»ä½œä¸­ï¼Œæ—¥æœ¬ç¥å¥ˆå·é™„è¿‘æµ·åŸŸæ³¢æ¶›æ±¹æ¶Œï¼Œæ³¢æµªä¸­æœ‰ä¸‰æ¡å¥‹è¿›çš„èˆ¹åªï¼Œè‹±å‹‡çš„èˆ¹å‘˜ä»¬æ­£ä¸ºäº†ç”Ÿå­˜è€Œä¸å¤§è‡ªç„¶ææ–—ï¼Œæ•´å¹…ç”»è¡¨ç°äº†äººä»¬æ— æƒ§è‰°éš¾é™©é˜»ï¼Œå‹‡å¾€ç›´å‰çš„å¤§æ— ç•ç²¾ç¥ã€‚  å¦‚ä»Šï¼Œè‘›é¥°åŒ—æ–‹è¯•å›¾ä¼ é€’çš„â€œå¤§æ— ç•â€ç²¾ç¥ï¼Œå´åœ¨æ—¥æœ¬æ”¿åºœè¿™å˜äº†å‘³å„¿ã€‚ä»–ä»¬æ— è§†å…¨çƒæµ·æ´‹ç”Ÿæ€ç¯å¢ƒå’Œå…¨äººç±»å¥åº·å®‰å…¨ï¼Œæ— æƒ§äººä»¬çš„æ‹…å¿§å’ŒæŠ—è®®ï¼Œâ€œå‹‡å¾€ç›´å‰â€æœ€ç»ˆæ²¦è½æˆâ€œä¸€æ„å­¤è¡Œâ€ã€‚,2021-04-27 21:13:09,1072.0,12594.0,674.0,1887344341,è§‚å¯Ÿè€…ç½‘,è§‚å¯Ÿè€…ç½‘,https://weibo.com/1887344341/KcSJCsIKB,post,"https://tvax3.sinaimg.cn/crop.6.8.591.591.1024/707e96d5ly8h8vg9v0hpjj20go0gowf6.jpg?KID=imgbed,tva&Expires=1710911794&ssig=42gfIHnyxk",https://wx1.sinaimg.cn/orj960/707e96d5gy1gpylpqpgpjj20g80ljk2d,highlight,-0.5,Great_Wave_Kanagawa,
weibo,4628020578485315,In Shina Tritium Surfing # The Japanese government officially decides to discharge Fukushima nuclear wastewater into the sea#,ã€Šç¥å¥ˆæ°šå†²æµªè£ã€‹ #æ—¥æœ¬æ”¿åºœæ­£å¼å†³å®šç¦å²›æ ¸åºŸæ°´æ’æµ·# ,2021-04-20 11:32:33,23518.0,107957.0,5501.0,1895170013,ä¸€ä¸ªçƒ­çˆ±å­¦ä¹ çš„ç”·å­©,ä¸€ä¸ªçƒ­çˆ±å­¦ä¹ çš„ç”·å­©,https://weibo.com/1895170013/KbKWtzBpV,post,"https://tvax2.sinaimg.cn/crop.0.0.1000.1000.1024/70f5ffddly8hff03gvb45j20rs0rstbk.jpg?KID=imgbed,tva&Expires=1711272073&ssig=zmA6%2FmHMwo",https://wx1.sinaimg.cn/orj960/70f5ffddgy1h4mvx62800j22yo21a4qp,highlight,0.26,Great_Wave_Kanagawa,
twitter,1385461980857716736,"The Japanese government's public decision to discharge contaminated water from the Fukushima nuclear power plant into the sea has sparked widespread criticism and a Chinese illustrator with the Weibo ID of a boy who loves learning"" has created ""Shina Tritium Surfing"" in protest. On the 20th the illustrator said in an interview with Global Times reporters that the core message conveyed by this painting is that ""the Japanese government should not 'pour out' nuclear contaminated waterotherwise the consequences faced by all humanity will be the same as in the painting",æ—¥æœ¬æ”¿åºœå…¬ç„¶å†³å®šå°†ç¦å²›æ ¸ç”µç«™æ ¸æ±¡æŸ“æ°´æ’å…¥å¤§æµ·å¼•èµ·å¹¿æ³›æ‰¹è¯„ï¼Œå¾®åšIDä¸ºâ€œä¸€ä¸ªçƒ­çˆ±å­¦ä¹ çš„ç”·å­©â€çš„ä¸­å›½æ’ç”»å¸ˆç”±æ­¤åˆ›ä½œå‡ºã€Šç¥å¥ˆæ°šå†²æµªé‡Œã€‹è¡¨ç¤ºæŠ—è®®ã€‚20æ—¥ï¼Œè¿™åæ’ç”»å¸ˆåœ¨æ¥å—ã€Šç¯çƒæ—¶æŠ¥ã€‹è®°è€…é‡‡è®¿æ—¶è¯´ï¼Œè¿™å¹…ç”»ä¼ é€’å‡ºçš„æ ¸å¿ƒä¿¡æ¯æ˜¯â€œæ—¥æœ¬æ”¿åºœä¸è¯¥æŠŠæ ¸æ±¡æŸ“æ°´â€˜ä¸€å€’äº†ä¹‹â€™â€ï¼Œå¦åˆ™å…¨äººç±»æ‰€é¢ä¸´çš„åæœå°†å’Œç”»ä¸­ä¸€æ ·ã€‚ https://t.co/OQBuLPxH9b,2021-04-23 13:14:11,0.0,2.0,1.0,1342376700332580865,FootprintsFox,FootprintsFox,https://twitter.com/FootprintsFox/status/1385461980857716740,post,,https://pbs.twimg.com/media/EzomIHQVcAAiGm9.png,highlight,-0.75,Great_Wave_Kanagawa,
twitter,1386191928153178112,"The painting In the Divine Tritium Surfing"" is really impressive. https://t.co/B7ZyzVhQuD""",ã€Šç¥å¥ˆæ°šå†²æµªé‡Œã€‹è¿™å¹…ç”»çœŸæ˜¯å‰å®³äº†ã€‚ https://t.co/B7ZyzVhQuD,2021-04-25 13:34:44,7.0,1.0,26.0,7252032,chloerei,chloerei,https://twitter.com/chloerei/status/1386191928153178118,post,,https://pbs.twimg.com/media/Ezy-JKvUUAY0H_g.jpg,highlight,0.66,Great_Wave_Kanagawa,
twitter,1385039399201607680,"Protest against Japan! Chinese illustrator painted a painting titled In the Divine Tritium Surfing"" https://t.co/FfanPvtMVh""",æŠ—è®®æ—¥æœ¬ï¼ä¸­å›½æ’ç”»å¸ˆç”»äº†ä¸€å¹…ã€Šç¥å¥ˆæ°šå†²æµªé‡Œã€‹ https://t.co/FfanPvtMVh,2021-04-22 09:15:00,1.0,1.0,15.0,1366583751912824833,manaaa35058593,manaaa35058593,https://twitter.com/manaaa35058593/status/1385039399201607680,post,,https://pbs.twimg.com/media/EziN_QjVEAE_g5P.jpg,highlight,-0.74,Great_Wave_Kanagawa,
twitter,1384482627143430144,"Shennai Tritium Surfing"" created by Weibo user ""A boy who loves learning"" https://t.co/yLrjT5OmS8""",å¾®åšç”¨æˆ·â€œä¸€ä¸ªçƒ­çˆ±å­¦ä¹ çš„ç”·å­©â€åˆ›ä½œçš„ã€Šç¥å¥ˆæ°šå†²æµªé‡Œã€‹ https://t.co/yLrjT5OmS8,2021-04-20 20:22:35,11.0,0.0,89.0,1020949868678795265,huangchaooffica,huangchaooffica,https://twitter.com/huangchaooffica/status/1384482627143430144,post,,https://pbs.twimg.com/media/Ezarm5zWYAA5ZqT.jpg,highlight,0.88,Great_Wave_Kanagawa,
twitter,1385556871356968960,"Good picture sharing:"" In Shennai Tritium Surfing ""reprinted from Weibo User: A boy who loves learning https://t.co/OQVYROGN2w """,å¥½å›¾å…±èµï¼šã€Šç¥å¥ˆæ°šå†²æµªé‡Œã€‹è½¬è½½è‡ªå¾®åšç”¨æˆ·ï¼šä¸€ä¸ªçƒ­çˆ±å­¦ä¹ çš„ç”·å­© https://t.co/OQVYROGN2w,2021-04-23 19:31:15,1.0,1.0,18.0,774142393863897089,Kcw07975676,Kcw07975676,https://twitter.com/Kcw07975676/status/1385556871356968964,post,,https://pbs.twimg.com/media/Ezp8QHAVUAAqxyv.jpg,highlight,0.91,Great_Wave_Kanagawa,
twitter,1384703610915680256,"In Shina Tritium Surfing: The Japanese government has openly decided to discharge contaminated water from the Fukushima nuclear power plant into the seaâ€”â€” Translated from illustrator: A boy who loves learning"" https://t.co/UYazwibS70""",ã€Šç¥å¥ˆæ°šå†²æµªé‡Œã€‹:æ—¥æœ¬æ”¿åºœå…¬ç„¶å†³å®šå°†ç¦å²›æ ¸ç”µç«™æ ¸æ±¡æŸ“æ°´æ’å…¥å¤§æµ·ï¼â€”â€”è½¬è‡ªæ’ç”»å¸ˆ:â€œä¸€ä¸ªçƒ­çˆ±å­¦ä¹ çš„ç”·å­©â€ https://t.co/UYazwibS70,2021-04-21 11:00:42,2.0,0.0,14.0,1327283107368722434,lizhenchen9,lizhenchen9,https://twitter.com/lizhenchen9/status/1384703610915680259,post,,https://pbs.twimg.com/media/Ezd0l6KVcAALcki.jpg,highlight,-0.53,Great_Wave_Kanagawa,
twitter,1387282669419995136,An illustrator in #China re-created a famous Japanese painting The Great Wave off #Kanagawa. If Katsushika Hokusaiï¼Œ the original author is still alive todayï¼Œ he would also be very concerned about #JapanNuclearWater. https://t.co/NlTFkqvwmN,An illustrator in #China re-created a famous Japanese painting The Great Wave off #Kanagawa. If Katsushika Hokusaiï¼Œ the original author is still alive todayï¼Œ he would also be very concerned about #JapanNuclearWater. https://t.co/NlTFkqvwmN,2021-04-26 18:56:18,11526.0,10805.0,52760.0,141627220,zlj517,Lijian Zhao èµµç«‹åš,https://twitter.com/zlj517/status/1387282669419995136,post,https://pbs.twimg.com/profile_images/1279077465676120064/maVlJpBe_normal.jpg,,highlight,0.0,Great_Wave_Kanagawa,
twitter,1386972414567874560,"However, it is low, and the level is too low. The protest against treated water in the form of dirty Japanese traditional culture is not accepted. The Japanese government should not protest strictly. It will be the agenda in the treatment water correspondence of the diplomatic Committee of tomorrow",ã„ãã‚‰æˆ¦ç‹¼å¤–äº¤ã¨è¨€ãˆã©ã‚‚ã€ã“ã‚Œã¯å“ãŒãªãã€ãƒ¬ãƒ™ãƒ«ã‚‚ä½ã™ãã€‚æ—¥æœ¬ã®ä¼çµ±æ–‡åŒ–ã‚’æ±šã™å½¢ã§ã®å‡¦ç†æ°´ã¸ã®æŠ—è­°ã€ã„ãã‚‰ãªã‚“ã§ã‚‚å—ã‘å…¥ã‚Œã‚‰ã‚Œãªã„ã€‚æ—¥æœ¬æ”¿åºœã‚‚å³ã—ãæŠ—è­°ã—ãªã„ã¨çµ¶å¯¾ãƒ€ãƒ¡ã ã€‚æ˜æ—¥ã®å¤–äº¤éƒ¨ä¼šã®å‡¦ç†æ°´å¯¾å¿œã§ã‚‚è­°é¡Œã¨ã™ã‚‹,2021-04-27 17:16:06,3713.0,11124.0,892.0,112551613,SatoMasahisa,SatoMasahisa,https://twitter.com/SatoMasahisa/status/1386972414567874565,post,,https://pbs.twimg.com/media/Ez5RZTUUYAA1uOg.jpg,,-0.85,Great_Wave_Kanagawa,
twitter,1384778340351889408,Kana Tritium Surfing https://t.co/wuK78CxC60,ç¥å¥ˆæ°šå†²æµªé‡Œ https://t.co/wuK78CxC60,2021-04-21 15:57:38,0.0,0.0,0.0,632157720,ralphvan84,ralphvan84,https://twitter.com/ralphvan84/status/1384778340351889412,post,,https://pbs.twimg.com/media/Eze4jcpVkAAQf_w.jpg,highlight,0.56,Great_Wave_Kanagawa,
weibo,4938248437106192,"#According to a report by the Japan Broadcasting Association (NHK) on the 24th, the Japanese Ministry of Foreign Affairs has formulated a strengthened response and dissemination policy to address so-called ""false information"" about the contaminated water at the Fukushima Daiichi nuclear power plant on social media and other platforms. The plan amounts to approximately 70 billion yen. According to the nuclear contaminated water treatment report released by the Japanese Ministry of Economy, Trade and Industry in February 2020, this ""public relations budget"" is almost 20 times the budget for discharging nuclear contaminated water into the sea and twice the budget for steam emissions. The Japanese government would rather spend money on public relations than adopt less harmful nuclear contaminated water treatment solutions.",#æ—¥æœ¬å…¬å…³é¢„ç®—æ˜¯æ ¸æ±¡æ°´æ’æµ·é¢„ç®—20å€#ã€æ©è€³ç›—é“ƒï¼#æ—¥æœ¬æ ¸æ±¡æ°´æ’æµ·å…¬å…³é¢„ç®—700äº¿#ã€‘æ®ç‰æ¸Šæ½­å¤©æ¶ˆæ¯ æ—¥æœ¬å¹¿æ’­åä¼šï¼ˆNHKï¼‰24æ—¥æŠ¥é“ï¼Œé’ˆå¯¹ç¤¾äº¤åª’ä½“å’Œå…¶ä»–å¹³å°ä¸Šæœ‰å…³ç¦å²›ç¬¬ä¸€æ ¸ç”µç«™æ ¸æ±¡æŸ“æ°´çš„æ‰€è°“â€œè™šå‡ä¿¡æ¯â€ï¼Œæ—¥æœ¬å¤–åŠ¡çœåˆ¶å®šäº†åŠ å¼ºæ€§åº”å¯¹ä¸ä¼ æ’­æ”¿ç­–ï¼Œè¯¥è®¡åˆ’é‡‘é¢çº¦700äº¿æ—¥å…ƒã€‚  æ ¹æ®æ—¥æœ¬ç»æµäº§ä¸šçœ2020å¹´2æœˆå‘å¸ƒçš„æ ¸æ±¡æŸ“æ°´å¤„ç†æŠ¥å‘Šï¼Œè¿™ç¬”â€œå…¬å…³é¢„ç®—â€å‡ ä¹æ˜¯æ ¸æ±¡æŸ“æ°´æ’æµ·é¢„ç®—çš„20å€ï¼Œè’¸æ±½æ’æ”¾é¢„ç®—çš„2å€ï¼Œæ—¥æœ¬æ”¿åºœå®æ„¿èŠ±é’±å…¬å…³ï¼Œä¹Ÿä¸æ„¿é‡‡ç”¨å±å®³æ›´å°çš„æ ¸æ±¡æŸ“æ°´å¤„ç†æ–¹æ¡ˆã€‚,2023-08-24 13:07:18,155.0,1690.0,134.0,2028810631,æ–°æµªæ–°é—»,æ–°æµªæ–°é—»,https://weibo.com/1778758223/Ng311tOE0,post,"https://tvax4.sinaimg.cn/crop.0.0.438.438.1024/001WnugLly8h8vg523qajj60c60c6glz02.jpg?KID=imgbed,tva&Expires=1710934951&ssig=HSKlJG16yN",https://wx1.sinaimg.cn/orj960/001WnugLly8hh7r2c63g4j60if0peae002,highlight,-0.11,70_billion_japan_water,
weibo,4938252907712588,"According to a report by the Japan Broadcasting Association (NHK) on the 24th, the Japanese Ministry of Foreign Affairs has formulated a strengthened response and dissemination policy to address so-called ""false information"" about the contaminated water at the Fukushima Daiichi nuclear power plant on social media and other platforms. The plan amounts to approximately 70 billion yen# According to the February 2020 report on nuclear contaminated water treatment released by the Japanese Ministry of Economy, Trade and Industry, this ""public relations budget"" is almost 20 times the budget for nuclear contaminated water discharge into the sea and twice the budget for steam discharge. The Japanese government would rather spend money on public relations than adopt less harmful nuclear contaminated water treatment solutions. (Yuyuan Tantian)",ã€#æ—¥æœ¬å…¬å…³é¢„ç®—æ˜¯æ ¸æ±¡æ°´æ’æµ·é¢„ç®—20å€#ã€‘æ®æ—¥æœ¬å¹¿æ’­åä¼šï¼ˆNHKï¼‰24æ—¥æŠ¥é“ï¼Œé’ˆå¯¹ç¤¾äº¤åª’ä½“å’Œå…¶ä»–å¹³å°ä¸Šæœ‰å…³ç¦å²›ç¬¬ä¸€æ ¸ç”µç«™æ ¸æ±¡æŸ“æ°´çš„æ‰€è°“â€œè™šå‡ä¿¡æ¯â€ï¼Œæ—¥æœ¬å¤–åŠ¡çœåˆ¶å®šäº†åŠ å¼ºæ€§åº”å¯¹ä¸ä¼ æ’­æ”¿ç­–ï¼Œè¯¥è®¡åˆ’é‡‘é¢çº¦700äº¿æ—¥å…ƒã€‚#æ—¥æœ¬æ ¸æ±¡æ°´æ’æµ·å…¬å…³é¢„ç®—700äº¿# æ ¹æ®æ—¥æœ¬ç»æµäº§ä¸šçœ2020å¹´2æœˆå‘å¸ƒçš„æ ¸æ±¡æŸ“æ°´å¤„ç†æŠ¥å‘Šï¼Œè¿™ç¬”â€œå…¬å…³é¢„ç®—â€å‡ ä¹æ˜¯æ ¸æ±¡æŸ“æ°´æ’æµ·é¢„ç®—çš„20å€ï¼Œè’¸æ±½æ’æ”¾é¢„ç®—çš„2å€ï¼Œæ—¥æœ¬æ”¿åºœå®æ„¿èŠ±é’±å…¬å…³ï¼Œä¹Ÿä¸æ„¿é‡‡ç”¨å±å®³æ›´å°çš„æ ¸æ±¡æŸ“æ°´å¤„ç†æ–¹æ¡ˆã€‚ï¼ˆç‰æ¸Šæ½­å¤©ï¼‰,2023-08-24 13:25:04,0.0,0.0,1.0,7637562608,è¥¿åŒ—æ—º10å·é¢‘é“,è¥¿åŒ—æ—º10å·é¢‘é“,https://weibo.com/7637562608/Ng38ewmoA,post,"https://tvax3.sinaimg.cn/crop.0.0.512.512.1024/008kSqVGly8gsgpdijf7yj30e80e8jrz.jpg?KID=imgbed,tva&Expires=1710934920&ssig=Wde9E8XgDQ",https://wx1.sinaimg.cn/orj960/008kSqVGly8hh7rlez5ysj30if0pewig,w10,-0.06,70_billion_japan_water,
weibo,4938252908233367,"According to a report by the Japan Broadcasting Association (NHK) on the 24th, the Japanese Ministry of Foreign Affairs has formulated a strengthened response and dissemination policy to address so-called ""false information"" about the contaminated water at the Fukushima Daiichi nuclear power plant on social media and other platforms. The plan amounts to approximately 70 billion yen# According to the February 2020 report on nuclear contaminated water treatment released by the Japanese Ministry of Economy, Trade and Industry, this ""public relations budget"" is almost 20 times the budget for nuclear contaminated water discharge into the sea and twice the budget for steam discharge. The Japanese government would rather spend money on public relations than adopt less harmful nuclear contaminated water treatment solutions. (Yuyuan Tantian)",ã€#æ—¥æœ¬å…¬å…³é¢„ç®—æ˜¯æ ¸æ±¡æ°´æ’æµ·é¢„ç®—20å€#ã€‘æ®æ—¥æœ¬å¹¿æ’­åä¼šï¼ˆNHKï¼‰24æ—¥æŠ¥é“ï¼Œé’ˆå¯¹ç¤¾äº¤åª’ä½“å’Œå…¶ä»–å¹³å°ä¸Šæœ‰å…³ç¦å²›ç¬¬ä¸€æ ¸ç”µç«™æ ¸æ±¡æŸ“æ°´çš„æ‰€è°“â€œè™šå‡ä¿¡æ¯â€ï¼Œæ—¥æœ¬å¤–åŠ¡çœåˆ¶å®šäº†åŠ å¼ºæ€§åº”å¯¹ä¸ä¼ æ’­æ”¿ç­–ï¼Œè¯¥è®¡åˆ’é‡‘é¢çº¦700äº¿æ—¥å…ƒã€‚#æ—¥æœ¬æ ¸æ±¡æ°´æ’æµ·å…¬å…³é¢„ç®—700äº¿# æ ¹æ®æ—¥æœ¬ç»æµäº§ä¸šçœ2020å¹´2æœˆå‘å¸ƒçš„æ ¸æ±¡æŸ“æ°´å¤„ç†æŠ¥å‘Šï¼Œè¿™ç¬”â€œå…¬å…³é¢„ç®—â€å‡ ä¹æ˜¯æ ¸æ±¡æŸ“æ°´æ’æµ·é¢„ç®—çš„20å€ï¼Œè’¸æ±½æ’æ”¾é¢„ç®—çš„2å€ï¼Œæ—¥æœ¬æ”¿åºœå®æ„¿èŠ±é’±å…¬å…³ï¼Œä¹Ÿä¸æ„¿é‡‡ç”¨å±å®³æ›´å°çš„æ ¸æ±¡æŸ“æ°´å¤„ç†æ–¹æ¡ˆã€‚ï¼ˆç‰æ¸Šæ½­å¤©ï¼‰,2023-08-24 13:25:04,0.0,0.0,1.0,2925141777,å…¨çƒæ–°é—»çœ¼,å…¨çƒæ–°é—»çœ¼,https://weibo.com/2925141777/Ng38eyxSf,post,"https://tvax4.sinaimg.cn/crop.0.0.180.180.1024/ae5a1f11ly1gdipsrpluij2050050glk.jpg?KID=imgbed,tva&Expires=1710934922&ssig=HXe7k0DjfJ",https://wx1.sinaimg.cn/orj960/ae5a1f11ly8hh7rleyjucj20if0pegpk,w10,-0.06,70_billion_japan_water,
twitter,1694580750027456768,"Money to wash the floorï¼Œ no money to treat nuclear wastewater! The public relations budget is 20 times the budget for # nuclear wastewater discharge into the sea! According to NHKï¼Œ in response to the so-called false information"" about nuclear wastewater on social mediaï¼Œ the Japanese Ministry of Foreign Affairs has formulated a strengthened response and dissemination policyï¼Œwith a planned amount of approximately 70 billion yen. Almost 20 times the budget for discharging nuclear contaminated water into the sea and twice the budget for steam emissions   https://t.co/nvSzArTip1""",æœ‰é’±æ´—åœ°ï¼Œæ²¡é’±å¤„ç†æ ¸æ±¡æ°´ï¼â€œå…¬å…³é¢„ç®—â€æ˜¯ #æ ¸æ±¡æ°´ æ’æµ·é¢„ç®—çš„20å€ï¼æ®NHKæŠ¥é“ï¼Œé’ˆå¯¹ç¤¾äº¤åª’ä½“ä¸Šæœ‰å…³æ ¸æ±¡æ°´çš„æ‰€è°“â€œè™šå‡ä¿¡æ¯â€ï¼Œæ—¥æœ¬ #å¤–åŠ¡çœ åˆ¶å®šäº†åŠ å¼ºæ€§åº”å¯¹ä¸ä¼ æ’­æ”¿ç­–ï¼Œè¯¥è®¡åˆ’é‡‘é¢çº¦700äº¿æ—¥å…ƒã€‚å‡ ä¹æ˜¯æ ¸æ±¡æŸ“æ°´æ’æµ·é¢„ç®—çš„20å€ï¼Œè’¸æ±½æ’æ”¾é¢„ç®—çš„2å€ https://t.co/nvSzArTip1,2023-08-24 13:21:49,2.0,1.0,14.0,1231750144485277696,ACSF1919,ACSF1919,https://twitter.com/ACSF1919/status/1694580750027456834,post,,https://pbs.twimg.com/media/F4RcNiDakAAvL4c.jpg,highlight,-0.82,70_billion_japan_water,
twitter,1694609187882320384,#Japan will spend 70 billion yen to deal with negative information on #Fukushima nuclear-contaminated water.,#Japan will spend 70 billion yen to deal with negative information on #Fukushima nuclear-contaminated water. æ—¥æœ¬å¤–åŠ¡çœå°†ç”¨700äº¿æ—¥å…ƒå¤„ç†æ ¸æ±¡æŸ“æ°´è´Ÿé¢ä¿¡æ¯ï¼Œè¿™ç¬”â€œå…¬å…³é¢„ç®—â€å‡ ä¹æ˜¯æ ¸æ±¡æŸ“æ°´æ’æµ·é¢„ç®—çš„20å€ï¼Œè’¸æ±½æ’æ”¾é¢„ç®—çš„2å€ã€‚æ—¥æœ¬æ”¿åºœå®æ„¿èŠ±é’±å…¬å…³ï¼Œä¹Ÿä¸æ„¿é‡‡ç”¨å±å®³æ›´å°çš„æ ¸æ±¡æŸ“æ°´å¤„ç†æ–¹æ¡ˆã€‚ https://t.co/WVanCSQfh8,2023-08-24 15:14:49,12.0,8.0,46.0,1102805396098473984,realGuancha,realGuancha,https://twitter.com/realGuancha/status/1694609187882320350,post,,https://pbs.twimg.com/media/F4RtZ8QXIAAw4v_.jpg,highlight,-0.72,70_billion_japan_water,
twitter,1694625383109517824,"Japan will use 70 billion yen to deal with negative information about nuclear contaminated water! Seeing this news, I really feel speechless. Push up and see the floor scrubber, just use this picture directly, and by the way, how much did you get? https://t.co/WuBbJKkASn",æ—¥æœ¬å°†ç”¨700äº¿æ—¥å…ƒå¤„ç†æ ¸æ±¡æŸ“æ°´è´Ÿé¢ä¿¡æ¯ï¼çœ‹åˆ°è¿™æ¡æ–°é—»ï¼ŒçœŸçš„æ˜¯æ— è¯­äº†ã€‚æ¨ä¸Šçœ‹åˆ°æ´—åœ°çš„ï¼Œç›´æ¥ç”¨è¿™å¼ å›¾å°±è¡Œäº†ï¼Œé¡ºä¾¿é—®é—®åˆ†äº†å¤šå°‘ï¼Ÿ https://t.co/WuBbJKkASn,2023-08-24 16:19:10,13.0,27.0,88.0,1351790211928231937,mengyan1234567,mengyan1234567,https://twitter.com/mengyan1234567/status/1694625383109517758,post,,https://pbs.twimg.com/media/F4SEzIdbwAAFKBH.jpg,highlight,-0.32,70_billion_japan_water,
twitter,1694723546369650688,"It was also a nuclear accident. The Soviets rescued 600,000 people, and the Japanese spent 70 billion yen on public relations. If this is the true meaning of democracy, who is willing to support such democracy? https://t.co/hrX8T19qv4",åŒæ ·æ˜¯æ ¸äº‹æ•…ï¼Œè‹è”äºº60ä¸‡äººæŠ¢æ•‘ï¼Œæ—¥æœ¬äºº700äº¿æ—¥å…ƒå…¬å…³ã€‚å¦‚æœè¿™å°±æ˜¯æ°‘ï½ä¸»çš„çœŸè°›ï¼Œè°æ„¿æ„æ‹¥æŠ¤è¿™æ ·çš„æ°‘ï½ä¸»ã€‚ https://t.co/hrX8T19qv4,2023-08-24 22:49:14,109.0,84.0,555.0,1537639609311457280,yangfan39831908,yangfan39831908,https://twitter.com/yangfan39831908/status/1694723546369650733,post,,https://pbs.twimg.com/ext_tw_video_thumb/1694723129552347136/pu/img/pcKTTcaDCy_i8JiA.jpg,highlight,-0.86,70_billion_japan_water,
weibo,4937645682069095,"[#Study says it takes 240 days for Japanese nuclear wastewater to reach China after it is discharged into the sea#] Japan announced that it will discharge nuclear contaminated water into the ocean starting from August 24, which attracted international attention. The study simulated the diffusion process of Japanese nuclear sewage discharged into the sea: it reaches the coast of China in 240 days and covers the North Pacific after 1,200 days. (Jiaodian video) http://t.cn/A6Ozljvu",ã€#ç ”ç©¶ç§°æ—¥æœ¬æ ¸æ±¡æ°´æ’æµ·240å¤©åˆ°è¾¾ä¸­å›½#ã€‘æ—¥æœ¬å®£å¸ƒå°†ä»8æœˆ24æ—¥å¼€å§‹å°†æ ¸æ±¡æŸ“æ°´æ’å…¥æµ·æ´‹ï¼Œå¼•å‘å›½é™…å…³æ³¨ã€‚ç ”ç©¶æ¨¡æ‹Ÿæ—¥æœ¬æ ¸æ±¡æ°´æ’æµ·æ‰©æ•£è¿‡ç¨‹ï¼š240å¤©åˆ°è¾¾ä¸­å›½æ²¿æµ·ï¼Œ1200å¤©åè¦†ç›–åŒ—å¤ªå¹³æ´‹ã€‚ï¼ˆæ¤’ç‚¹è§†é¢‘ï¼‰ http://t.cn/A6Ozljvu ,2023-08-22 21:12:10,11718.0,347407.0,19039.0,2318910945,æ–°æµªçƒ­ç‚¹,æ–°æµªçƒ­ç‚¹,https://weibo.com/2318910945/NfNkQ8Ggv,post,"https://tvax3.sinaimg.cn/crop.0.0.450.450.1024/002wVUFrly8h8vgt7mcs2j60ci0ci0t002.jpg?KID=imgbed,tva&Expires=1711273075&ssig=odtMy1pN3H",,highlight,0.0,240_china_nuclear_pollution,
weibo,4937545756706484,"Recently, the Japanese government announced that it will discharge nuclear wastewater on August 24th. Tsinghua University has developed a model based on this, polluting China and the United States in 3 years and polluting the world in 10 years. [Anger] # Starting from the 24th, Japan will begin discharging nuclear contaminated water into the sea # # Japan announces the date of discharging nuclear contaminated water into the sea # # Research shows that Japan's nuclear contaminated water will arrive in China in 240 days # (Wow) http://t.cn/A6Oz4FPI",è¿‘æ—¥æ—¥æœ¬æ”¿åºœå®£å¸ƒï¼Œå°†åœ¨8æœˆ24æ—¥æ’æ”¾æ ¸æ±¡æ°´ã€‚æ¸…åå¤§å­¦ç”±æ­¤åšå‡ºæ¨¡å‹ï¼Œ3å¹´æ±¡æŸ“ä¸­ç¾ï¼Œ10å¹´æ±¡æŸ“å…¨çƒã€‚[æ€’]  #24æ—¥èµ·æ—¥æœ¬å°†å¼€å§‹æ ¸æ±¡æŸ“æ°´æ’æµ·##æ—¥æœ¬å®£å¸ƒæ ¸æ±¡æŸ“æ°´æ’æµ·æ—¥æœŸ##ç ”ç©¶ç§°æ—¥æœ¬æ ¸æ±¡æ°´æ’æµ·240å¤©åˆ°è¾¾ä¸­å›½#ï¼ˆå“‡å–”ï¼‰ http://t.cn/A6Oz4FPI ,2023-08-22 14:35:06,112.0,1095.0,161.0,2730549204,å…±é’å›¢ç¦å»ºçœå§”,å…±é’å›¢ç¦å»ºçœå§”,https://weibo.com/2730549204/NfKJFs8F6,post,"https://tvax4.sinaimg.cn/crop.0.0.995.995.1024/a2c0dfd4ly8h8nb2kjirtj20rn0rn0tw.jpg?KID=imgbed,tva&Expires=1711273196&ssig=wAt0%2FV8kLM",,highlight,0.0,240_china_nuclear_pollution,
weibo,4937813571667471,"[#Study says it takes 240 days for Japanese nuclear wastewater to reach China after it is discharged into the sea#] Japan announced that it will discharge nuclear contaminated water into the ocean starting from August 24, which attracted international attention. The study simulated the diffusion process of Japanese nuclear sewage discharged into the sea: it reaches the coast of China in 240 days and covers the North Pacific after 1,200 days. (Jiaodian video)",ã€#ç ”ç©¶ç§°æ—¥æœ¬æ ¸æ±¡æ°´æ’æµ·240å¤©åˆ°è¾¾ä¸­å›½#ã€‘æ—¥æœ¬å®£å¸ƒå°†ä»8æœˆ24æ—¥å¼€å§‹å°†æ ¸æ±¡æŸ“æ°´æ’å…¥æµ·æ´‹ï¼Œå¼•å‘å›½é™…å…³æ³¨ã€‚ç ”ç©¶æ¨¡æ‹Ÿæ—¥æœ¬æ ¸æ±¡æ°´æ’æµ·æ‰©æ•£è¿‡ç¨‹ï¼š240å¤©åˆ°è¾¾ä¸­å›½æ²¿æµ·ï¼Œ1200å¤©åè¦†ç›–åŒ—å¤ªå¹³æ´‹ã€‚ï¼ˆæ¤’ç‚¹è§†é¢‘ï¼‰ http://t.cn/A6Ozljvu ,2023-08-23 08:19:18,52.0,95.0,76.0,1323527941,Vistaçœ‹å¤©ä¸‹,Vistaçœ‹å¤©ä¸‹,https://weibo.com/1323527941/NfRHD6ZMH,post,"https://tvax2.sinaimg.cn/crop.0.0.512.512.1024/001rzo4Rly8hj09ep9fd9j60e80e8dfz02.jpg?KID=imgbed,tva&Expires=1711273405&ssig=WARvQzgfoM",,highlight,0.0,240_china_nuclear_pollution,
twitter,1694221880977420544,"Japan announced that it would discharge nuclear-contaminated water into the ocean starting on August 24, attracting international attention. The study simulated the diffusion process of Japanese nuclear sewage discharged into the sea: it reaches the coast of China in 240 days and covers the North Pacific after 1,200 days. https://t.co/QQoNEG7Wp9",æ—¥æœ¬å®£å¸ƒå°†ä»8æœˆ24æ—¥å¼€å§‹å°†æ ¸æ±¡æŸ“æ°´æ’å…¥æµ·æ´‹ï¼Œå¼•å‘å›½é™…å…³æ³¨ã€‚ç ”ç©¶æ¨¡æ‹Ÿæ—¥æœ¬æ ¸æ±¡æ°´æ’æµ·æ‰©æ•£è¿‡ç¨‹ï¼š240å¤©åˆ°è¾¾ä¸­å›½æ²¿æµ·ï¼Œ1200å¤©åè¦†ç›–åŒ—å¤ªå¹³æ´‹ã€‚ https://t.co/QQoNEG7Wp9,2023-08-23 13:35:48,0.0,0.0,0.0,1553548847460204544,huangwe29337482,huangwe29337482,https://twitter.com/huangwe29337482/status/1694221880977420541,post,,https://pbs.twimg.com/media/F4MV0XgbEAA6zRm.jpg,highlight,-0.88,240_china_nuclear_pollution,
twitter,1694190623837090304,"Japan announced that it will start discharging nuclear contaminated water into the ocean from August 24th, sparking international attention. Research and simulation of the diffusion process of Japanese nuclear wastewater into the sea: 240 days to reach the coast of China, 1200 days to cover the North Pacific # Nuclear wastewater # Japan # Cross border https://t.co/iFlBEcQvkB",æ—¥æœ¬å®£å¸ƒå°†ä»8æœˆ24æ—¥å¼€å§‹å°†æ ¸æ±¡æŸ“æ°´æ’å…¥æµ·æ´‹ï¼Œå¼•å‘å›½é™…å…³æ³¨ã€‚ç ”ç©¶æ¨¡æ‹Ÿæ—¥æœ¬æ ¸æ±¡æ°´æ’æµ·æ‰©æ•£è¿‡ç¨‹ï¼š240å¤©åˆ°è¾¾ä¸­å›½æ²¿æµ·ï¼Œ1200å¤©åè¦†ç›–åŒ—å¤ªå¹³æ´‹#æ ¸åºŸæ°´ #æ—¥æœ¬ #äº’å…³ https://t.co/iFlBEcQvkB,2023-08-23 11:31:35,0.0,1.0,2.0,979545800035332096,dret1cc,dret1cc,https://twitter.com/dret1cc/status/1694190623837090199,post,,https://pbs.twimg.com/media/F4L5SILa8AAjRab.jpg,highlight,-0.64,240_china_nuclear_pollution,
twitter,1694256850555097344,"Japan announced that it will start discharging nuclear contaminated water into the ocean from August 24th, sparking international attention and researching models of the diffusion process of Japanese nuclear wastewater: 240 days to reach the coast of China, 1200 days to cover the North Pacific # Japan's nuclear wastewater discharge into the sea # International politics https://t.co/z7xHV2Euab",æ—¥æœ¬å®£å¸ƒå°†ä»8æœˆ24æ—¥å¼€å§‹å°†æ ¸æ±¡æŸ“æ°´æ’å…¥æµ·æ´‹ï¼Œå¼•å‘å›½é™…å…³æ³¨ï¼Œç ”ç©¶æ¨¡å‹æ—¥æœ¬æ ¸æ±¡æ°´æ‰©æ•£è¿‡ç¨‹ï¼š240å¤©åˆ°è¾¾ä¸­å›½æ²¿æµ·ï¼Œ1200å¤©åè¦†ç›–åŒ—å¤ªå¹³æ´‹ #æ—¥æœ¬æ ¸æ±¡æ°´æ’æµ· #å›½é™…æ—¶æ”¿ https://t.co/z7xHV2Euab,2023-08-23 15:54:45,0.0,0.0,1.0,931433505967542272,Hayleyf55381668,Hayleyf55381668,https://twitter.com/Hayleyf55381668/status/1694256850555097228,post,,https://pbs.twimg.com/ext_tw_video_thumb/1694256775040794624/pu/img/P1-ly5TC6Pc2ngeV.jpg,highlight,-0.56,240_china_nuclear_pollution,
